"season","kbo_player_id","player_uid","snapshot_team","player_name","position_group","record_team","has_record","source_url","AVG","G","PA","AB","R","H","2B","3B","HR","TB","RBI","SB","CS","BB","HBP","SO","GDP","SLG","OBP","E","OPS"
"2024","50054","KBO-50054","LG 트윈스","천성호","IF","KT","1","https://www.koreabaseball.com/Record/Player/HitterDetail/Total.aspx?playerId=50054","0.295","75","255","234","41","69","8","3","1","86","17","7","0","18","1","43","5","0.368","0.346","4","0.714"
"2024","50066","KBO-50066","KT 위즈","강현우","C","KT","1","https://www.koreabaseball.com/Record/Player/HitterDetail/Total.aspx?playerId=50066","0.308","18","36","26","4","8","1","0","1","12","8","0","0","8","0","10","0","0.462","0.471","2","0.933"
"2024","50092","KBO-50092","KT 위즈","윤준혁","IF","KT","1","https://www.koreabaseball.com/Record/Player/HitterDetail/Total.aspx?playerId=50092","0.176","13","18","17","3","3","2","0","0","5","0","0","0","1","0","6","0","0.294","0.222","1","0.516"
"2024","50108","KBO-50108","LG 트윈스","함창건","OF","LG","1","https://www.koreabaseball.com/Record/Player/HitterDetail/Total.aspx?playerId=50108","0.143","15","17","14","3","2","0","0","0","2","0","0","0","2","0","3","1","0.143","0.250","0","0.393"
"2024","50150","KBO-50150","롯데 자이언츠","손호영","IF","롯데","1","https://www.koreabaseball.com/Record/Player/HitterDetail/Total.aspx?playerId=50150","0.317","102","430","398","70","126","26","4","18","214","78","7","4","17","9","65","6","0.538","0.354","14","0.892"
"2024","50167","KBO-50167","키움 히어로즈","이주형","OF","키움","1","https://www.koreabaseball.com/Record/Player/HitterDetail/Total.aspx?playerId=50167","0.266","115","537","473","82","126","19","3","13","190","60","6","0","49","14","119","4","0.402","0.352","3","0.754"
"2024","50204","KBO-50204","두산 베어스","박지훈","IF","","0","https://www.koreabaseball.com/Record/Player/HitterDetail/Total.aspx?playerId=50204","","","","","","","","","","","","","","","","","","","","",""
"2024","50208","KBO-50208","두산 베어스","오명진","IF","두산","1","https://www.koreabaseball.com/Record/Player/HitterDetail/Total.aspx?playerId=50208","0.000","2","2","1","0","0","0","0","0","0","1","0","0","1","0","1","0","0.000","0.500","0","0.500"
"2024","50304","KBO-50304","키움 히어로즈","김병휘","IF","키움","1","https://www.koreabaseball.com/Record/Player/HitterDetail/Total.aspx?playerId=50304","0.169","28","71","59","6","10","3","0","1","16","3","0","0","6","5","26","0","0.271","0.300","2","0.571"
"2024","50357","KBO-50357","키움 히어로즈","박주홍","OF","키움","1","https://www.koreabaseball.com/Record/Player/HitterDetail/Total.aspx?playerId=50357","0.102","25","59","49","5","5","2","0","0","7","1","2","0","10","0","17","1","0.143","0.254","0","0.397"
"2024","50458","KBO-50458","삼성 라이온즈","김지찬","OF","삼성","1","https://www.koreabaseball.com/Record/Player/HitterDetail/Total.aspx?playerId=50458","0.316","135","535","453","102","143","16","3","3","174","36","42","4","60","9","40","5","0.384","0.405","3","0.789"
"2024","50500","KBO-50500","롯데 자이언츠","황성빈","OF","롯데","1","https://www.koreabaseball.com/Record/Player/HitterDetail/Total.aspx?playerId=50500","0.320","125","406","366","94","117","15","8","4","160","26","51","10","31","2","56","3","0.437","0.375","4","0.812"
"2024","50600","KBO-50600","NC 다이노스","홍종표","IF","KIA","1","https://www.koreabaseball.com/Record/Player/HitterDetail/Total.aspx?playerId=50600","0.295","100","115","105","27","31","4","3","0","41","11","5","2","6","1","31","0","0.390","0.339","5","0.729"
"2024","50608","KBO-50608","롯데 자이언츠","이인한","OF","롯데","1","https://www.koreabaseball.com/Record/Player/HitterDetail/Total.aspx?playerId=50608","0.500","5","5","4","0","2","0","0","0","2","2","0","0","0","1","1","0","0.500","0.600","0","1.100"
"2024","50657","KBO-50657","KIA 타이거즈","박민","IF","KIA","1","https://www.koreabaseball.com/Record/Player/HitterDetail/Total.aspx?playerId=50657","0.276","16","30","29","5","8","4","0","0","12","2","0","1","1","0","7","0","0.414","0.300","6","0.714"
"2024","50704","KBO-50704","한화 이글스","임종찬","OF","한화","1","https://www.koreabaseball.com/Record/Player/HitterDetail/Total.aspx?playerId=50704","0.158","24","64","57","10","9","3","2","0","16","7","0","1","6","1","19","2","0.281","0.250","0","0.531"
"2024","50707","KBO-50707","한화 이글스","최인호","OF","한화","1","https://www.koreabaseball.com/Record/Player/HitterDetail/Total.aspx?playerId=50707","0.286","82","244","210","37","60","13","2","2","83","22","3","0","25","3","31","3","0.395","0.367","2","0.762"
"2024","50709","KBO-50709","한화 이글스","박정현","IF","","0","https://www.koreabaseball.com/Record/Player/HitterDetail/Total.aspx?playerId=50709","","","","","","","","","","","","","","","","","","","","",""
"2024","50840","KBO-50840","SSG 랜더스","현원회","IF","SSG","1","https://www.koreabaseball.com/Record/Player/HitterDetail/Total.aspx?playerId=50840","0.000","1","1","1","0","0","0","0","0","0","0","0","0","0","0","1","0","0.000","0.000","0","0.000"
"2024","50848","KBO-50848","SSG 랜더스","김성민","IF","","0","https://www.koreabaseball.com/Record/Player/HitterDetail/Total.aspx?playerId=50848","","","","","","","","","","","","","","","","","","","","",""
"2024","50854","KBO-50854","SSG 랜더스","최지훈","OF","SSG","1","https://www.koreabaseball.com/Record/Player/HitterDetail/Total.aspx?playerId=50854","0.275","125","543","483","89","133","22","7","11","202","49","32","5","50","2","71","5","0.418","0.345","7","0.763"
"2024","50868","KBO-50868","SSG 랜더스","류효승","OF","SSG","1","https://www.koreabaseball.com/Record/Player/HitterDetail/Total.aspx?playerId=50868","0.000","1","2","2","0","0","0","0","0","0","0","0","0","0","0","0","0","0.000","0.000","0","0.000"
"2024","50901","KBO-50901","NC 다이노스","안인산","IF","","0","https://www.koreabaseball.com/Record/Player/HitterDetail/Total.aspx?playerId=50901","","","","","","","","","","","","","","","","","","","","",""
"2024","50902","KBO-50902","NC 다이노스","김한별","IF","NC","1","https://www.koreabaseball.com/Record/Player/HitterDetail/Total.aspx?playerId=50902","0.318","40","50","44","8","14","1","0","0","15","3","0","0","2","4","9","2","0.341","0.400","1","0.741"
"2024","50903","KBO-50903","NC 다이노스","한재환","IF","NC","1","https://www.koreabaseball.com/Record/Player/HitterDetail/Total.aspx?playerId=50903","0.222","7","9","9","1","2","1","0","0","3","1","0","0","0","0","3","0","0.333","0.222","0","0.555"
"2024","50906","KBO-50906","NC 다이노스","박영빈","OF","NC","1","https://www.koreabaseball.com/Record/Player/HitterDetail/Total.aspx?playerId=50906","0.500","19","7","6","3","3","2","0","0","5","1","2","1","1","0","3","0","0.833","0.571","0","1.404"
"2024","50996","KBO-50996","NC 다이노스","박시원","OF","NC","1","https://www.koreabaseball.com/Record/Player/HitterDetail/Total.aspx?playerId=50996","0.234","55","158","141","17","33","5","1","2","46","17","3","0","14","0","46","2","0.326","0.301","2","0.627"
"2024","51003","KBO-51003","KT 위즈","권동진","IF","KT","1","https://www.koreabaseball.com/Record/Player/HitterDetail/Total.aspx?playerId=51003","0.222","9","10","9","3","2","0","0","0","2","0","0","0","1","0","2","0","0.222","0.300","1","0.522"
"2024","51005","KBO-51005","KT 위즈","김건형","OF","KT","1","https://www.koreabaseball.com/Record/Player/HitterDetail/Total.aspx?playerId=51005","0.125","13","25","24","2","3","1","0","0","4","1","0","0","1","0","8","0","0.167","0.160","0","0.327"
"2024","51007","KBO-51007","KT 위즈","최성민","OF","","0","https://www.koreabaseball.com/Record/Player/HitterDetail/Total.aspx?playerId=51007","","","","","","","","","","","","","","","","","","","","",""
"2024","51013","KBO-51013","KT 위즈","유준규","OF","","0","https://www.koreabaseball.com/Record/Player/HitterDetail/Total.aspx?playerId=51013","","","","","","","","","","","","","","","","","","","","",""
"2024","51100","KBO-51100","LG 트윈스","이영빈","IF","LG","1","https://www.koreabaseball.com/Record/Player/HitterDetail/Total.aspx?playerId=51100","0.222","31","71","63","11","14","2","0","2","22","12","0","1","4","0","20","0","0.349","0.261","1","0.610"
"2024","51203","KBO-51203","두산 베어스","안재석","IF","","0","https://www.koreabaseball.com/Record/Player/HitterDetail/Total.aspx?playerId=51203","","","","","","","","","","","","","","","","","","","","",""
"2024","51269","KBO-51269","두산 베어스","강현구","OF","","0","https://www.koreabaseball.com/Record/Player/HitterDetail/Total.aspx?playerId=51269","","","","","","","","","","","","","","","","","","","","",""
"2024","51298","KBO-51298","두산 베어스","박성재","C","","0","https://www.koreabaseball.com/Record/Player/HitterDetail/Total.aspx?playerId=51298","","","","","","","","","","","","","","","","","","","","",""
"2024","51302","KBO-51302","키움 히어로즈","이주형","IF","","0","https://www.koreabaseball.com/Record/Player/HitterDetail/Total.aspx?playerId=51302","","","","","","","","","","","","","","","","","","","","",""
"2024","51344","KBO-51344","NC 다이노스","김휘집","IF","NC","1","https://www.koreabaseball.com/Record/Player/HitterDetail/Total.aspx?playerId=51344","0.258","140","562","488","78","126","24","1","16","200","73","4","3","52","10","119","16","0.410","0.337","16","0.747"
"2024","51407","KBO-51407","삼성 라이온즈","이창용","IF","삼성","1","https://www.koreabaseball.com/Record/Player/HitterDetail/Total.aspx?playerId=51407","0.190","9","21","21","1","4","1","0","0","5","2","0","0","0","0","4","0","0.238","0.190","1","0.428"
"2024","51528","KBO-51528","롯데 자이언츠","손성빈","C","롯데","1","https://www.koreabaseball.com/Record/Player/HitterDetail/Total.aspx?playerId=51528","0.197","86","171","152","24","30","6","2","6","58","21","0","0","13","3","38","3","0.382","0.271","4","0.653"
"2024","51551","KBO-51551","롯데 자이언츠","나승엽","IF","롯데","1","https://www.koreabaseball.com/Record/Player/HitterDetail/Total.aspx?playerId=51551","0.312","121","489","407","59","127","35","4","7","191","66","1","0","69","4","83","4","0.469","0.411","11","0.880"
"2024","51762","KBO-51762","한화 이글스","장규현","C","한화","1","https://www.koreabaseball.com/Record/Player/HitterDetail/Total.aspx?playerId=51762","0.000","9","7","6","0","0","0","0","0","0","0","0","0","1","0","1","0","0.000","0.143","1","0.143"
"2024","51764","KBO-51764","한화 이글스","정민규","IF","","0","https://www.koreabaseball.com/Record/Player/HitterDetail/Total.aspx?playerId=51764","","","","","","","","","","","","","","","","","","","","",""
"2024","51860","KBO-51860","SSG 랜더스","박정빈","OF","","0","https://www.koreabaseball.com/Record/Player/HitterDetail/Total.aspx?playerId=51860","","","","","","","","","","","","","","","","","","","","",""
"2024","51865","KBO-51865","SSG 랜더스","조형우","C","SSG","1","https://www.koreabaseball.com/Record/Player/HitterDetail/Total.aspx?playerId=51865","0.242","19","38","33","4","8","0","0","0","8","4","0","0","1","4","6","0","0.242","0.342","1","0.584"
"2024","51868","KBO-51868","SSG 랜더스","고명준","IF","SSG","1","https://www.koreabaseball.com/Record/Player/HitterDetail/Total.aspx?playerId=51868","0.250","106","366","340","33","85","13","0","11","131","45","3","4","25","1","90","4","0.385","0.303","5","0.688"
"2024","51903","KBO-51903","NC 다이노스","김정호","C","","0","https://www.koreabaseball.com/Record/Player/HitterDetail/Total.aspx?playerId=51903","","","","","","","","","","","","","","","","","","","","",""
"2024","51907","KBO-51907","NC 다이노스","김주원","IF","NC","1","https://www.koreabaseball.com/Record/Player/HitterDetail/Total.aspx?playerId=51907","0.252","134","475","385","61","97","18","2","9","146","49","16","6","51","25","111","5","0.379","0.371","18","0.750"
"2024","51996","KBO-51996","NC 다이노스","오태양","IF","","0","https://www.koreabaseball.com/Record/Player/HitterDetail/Total.aspx?playerId=51996","","","","","","","","","","","","","","","","","","","","",""
"2024","52001","KBO-52001","KT 위즈","안현민","OF","KT","1","https://www.koreabaseball.com/Record/Player/HitterDetail/Total.aspx?playerId=52001","0.200","16","29","25","5","5","0","1","1","10","2","0","0","2","1","10","0","0.400","0.276","0","0.676"
"2024","52002","KBO-52002","KT 위즈","김병준","OF","KT","1","https://www.koreabaseball.com/Record/Player/HitterDetail/Total.aspx?playerId=52002","0.357","35","16","14","9","5","0","0","0","5","1","0","0","2","0","2","0","0.357","0.438","0","0.795"
"2024","52103","KBO-52103","LG 트윈스","최원영","OF","LG","1","https://www.koreabaseball.com/Record/Player/HitterDetail/Total.aspx?playerId=52103","0.270","57","41","37","18","10","2","0","1","15","5","6","4","1","3","7","0","0.405","0.341","2","0.746"
"2024","52105","KBO-52105","LG 트윈스","김성우","C","LG","1","https://www.koreabaseball.com/Record/Player/HitterDetail/Total.aspx?playerId=52105","0.000","4","5","5","0","0","0","0","0","0","0","0","0","0","0","4","0","0.000","0.000","0","0.000"
"2024","52121","KBO-52121","LG 트윈스","문정빈","IF","","0","https://www.koreabaseball.com/Record/Player/HitterDetail/Total.aspx?playerId=52121","","","","","","","","","","","","","","","","","","","","",""
"2024","52154","KBO-52154","LG 트윈스","이주헌","C","LG","1","https://www.koreabaseball.com/Record/Player/HitterDetail/Total.aspx?playerId=52154","0.667","3","6","6","0","4","2","0","0","6","3","0","0","0","0","2","0","1.000","0.667","0","1.667"
"2024","52208","KBO-52208","두산 베어스","천현재","OF","","0","https://www.koreabaseball.com/Record/Player/HitterDetail/Total.aspx?playerId=52208","","","","","","","","","","","","","","","","","","","","",""
"2024","52267","KBO-52267","두산 베어스","김동준","IF","","0","https://www.koreabaseball.com/Record/Player/HitterDetail/Total.aspx?playerId=52267","","","","","","","","","","","","","","","","","","","","",""
"2024","52305","KBO-52305","키움 히어로즈","박수종","OF","키움","1","https://www.koreabaseball.com/Record/Player/HitterDetail/Total.aspx?playerId=52305","0.256","80","148","129","23","33","5","1","0","40","6","3","0","13","2","17","4","0.310","0.333","4","0.643"
"2024","52415","KBO-52415","삼성 라이온즈","이재현","IF","삼성","1","https://www.koreabaseball.com/Record/Player/HitterDetail/Total.aspx?playerId=52415","0.260","109","458","389","71","101","18","1","14","163","66","2","1","58","8","83","8","0.419","0.365","11","0.784"
"2024","52424","KBO-52424","삼성 라이온즈","김재혁","OF","삼성","1","https://www.koreabaseball.com/Record/Player/HitterDetail/Total.aspx?playerId=52424","0.184","35","54","49","6","9","2","1","0","13","6","2","2","3","0","19","2","0.265","0.222","1","0.487"
"2024","52430","KBO-52430","삼성 라이온즈","김영웅","IF","삼성","1","https://www.koreabaseball.com/Record/Player/HitterDetail/Total.aspx?playerId=52430","0.252","126","509","456","65","115","16","3","28","221","79","9","2","45","3","155","2","0.485","0.321","15","0.806"
"2024","52504","KBO-52504","롯데 자이언츠","김동혁","OF","롯데","1","https://www.koreabaseball.com/Record/Player/HitterDetail/Total.aspx?playerId=52504","0.200","39","17","15","8","3","0","1","0","5","1","3","1","2","0","5","0","0.333","0.294","2","0.627"
"2024","52514","KBO-52514","롯데 자이언츠","김세민","IF","","0","https://www.koreabaseball.com/Record/Player/HitterDetail/Total.aspx?playerId=52514","","","","","","","","","","","","","","","","","","","","",""
"2024","52516","KBO-52516","롯데 자이언츠","조세진","OF","","0","https://www.koreabaseball.com/Record/Player/HitterDetail/Total.aspx?playerId=52516","","","","","","","","","","","","","","","","","","","","",""
"2024","52568","KBO-52568","롯데 자이언츠","한태양","IF","","0","https://www.koreabaseball.com/Record/Player/HitterDetail/Total.aspx?playerId=52568","","","","","","","","","","","","","","","","","","","","",""
"2024","52591","KBO-52591","롯데 자이언츠","윤동희","OF","롯데","1","https://www.koreabaseball.com/Record/Player/HitterDetail/Total.aspx?playerId=52591","0.293","141","613","532","97","156","35","4","14","241","85","7","8","67","7","114","10","0.453","0.376","4","0.829"
"2024","52605","KBO-52605","KIA 타이거즈","김도영","IF","KIA","1","https://www.koreabaseball.com/Record/Player/HitterDetail/Total.aspx?playerId=52605","0.347","141","625","544","143","189","29","10","38","352","109","40","4","66","7","110","10","0.647","0.420","30","1.067"
"2024","52667","KBO-52667","KIA 타이거즈","윤도현","IF","KIA","1","https://www.koreabaseball.com/Record/Player/HitterDetail/Total.aspx?playerId=52667","0.407","6","27","27","5","11","2","0","1","16","8","1","0","0","0","9","0","0.593","0.407","0","1.000"
"2024","52704","KBO-52704","한화 이글스","이상혁","OF","한화","1","https://www.koreabaseball.com/Record/Player/HitterDetail/Total.aspx?playerId=52704","0.154","43","15","13","13","2","0","0","0","2","0","5","2","2","0","5","0","0.154","0.267","0","0.421"
"2024","52764","KBO-52764","한화 이글스","허인서","C","","0","https://www.koreabaseball.com/Record/Player/HitterDetail/Total.aspx?playerId=52764","","","","","","","","","","","","","","","","","","","","",""
"2024","52769","KBO-52769","한화 이글스","권광민","IF","한화","1","https://www.koreabaseball.com/Record/Player/HitterDetail/Total.aspx?playerId=52769","0.271","19","51","48","10","13","3","0","4","28","9","0","0","3","0","17","0","0.583","0.314","0","0.897"
"2024","52803","KBO-52803","SSG 랜더스","김태윤","IF","","0","https://www.koreabaseball.com/Record/Player/HitterDetail/Total.aspx?playerId=52803","","","","","","","","","","","","","","","","","","","","",""
"2024","52804","KBO-52804","SSG 랜더스","석정우","IF","","0","https://www.koreabaseball.com/Record/Player/HitterDetail/Total.aspx?playerId=52804","","","","","","","","","","","","","","","","","","","","",""
"2024","52807","KBO-52807","SSG 랜더스","임근우","OF","","0","https://www.koreabaseball.com/Record/Player/HitterDetail/Total.aspx?playerId=52807","","","","","","","","","","","","","","","","","","","","",""
"2024","53123","KBO-53123","LG 트윈스","오스틴","IF","LG","1","https://www.koreabaseball.com/Record/Player/HitterDetail/Total.aspx?playerId=53123","0.319","140","604","527","99","168","32","3","32","302","132","12","8","61","3","82","9","0.573","0.384","8","0.957"
"2024","53144","KBO-53144","LG 트윈스","김범석","C","LG","1","https://www.koreabaseball.com/Record/Player/HitterDetail/Total.aspx?playerId=53144","0.241","70","180","162","14","39","4","0","6","61","24","0","0","14","2","49","4","0.377","0.306","3","0.683"
"2024","53204","KBO-53204","두산 베어스","박민준","C","두산","1","https://www.koreabaseball.com/Record/Player/HitterDetail/Total.aspx?playerId=53204","0.000","5","5","5","0","0","0","0","0","0","0","0","0","0","0","3","0","0.000","0.000","0","0.000"
"2024","53305","KBO-53305","키움 히어로즈","박성빈","C","키움","1","https://www.koreabaseball.com/Record/Player/HitterDetail/Total.aspx?playerId=53305","0.222","12","11","9","1","2","1","0","0","3","2","0","0","1","1","2","0","0.333","0.364","1","0.697"
"2024","53309","KBO-53309","키움 히어로즈","서유신","IF","","0","https://www.koreabaseball.com/Record/Player/HitterDetail/Total.aspx?playerId=53309","","","","","","","","","","","","","","","","","","","","",""
"2024","53312","KBO-53312","키움 히어로즈","김건희","C","키움","1","https://www.koreabaseball.com/Record/Player/HitterDetail/Total.aspx?playerId=53312","0.257","83","283","261","27","67","15","0","9","109","38","0","0","18","0","82","7","0.418","0.300","4","0.718"
"2024","53344","KBO-53344","키움 히어로즈","김동헌","C","키움","1","https://www.koreabaseball.com/Record/Player/HitterDetail/Total.aspx?playerId=53344","0.200","2","7","5","0","1","0","0","0","1","1","0","0","1","1","0","0","0.200","0.429","1","0.629"
"2024","53411","KBO-53411","삼성 라이온즈","박진우","C","","0","https://www.koreabaseball.com/Record/Player/HitterDetail/Total.aspx?playerId=53411","","","","","","","","","","","","","","","","","","","","",""
"2024","53554","KBO-53554","두산 베어스","김민석","OF","롯데","1","https://www.koreabaseball.com/Record/Player/HitterDetail/Total.aspx?playerId=53554","0.211","41","83","76","14","16","3","1","0","21","6","3","1","2","4","20","4","0.276","0.268","0","0.544"
"2024","53659","KBO-53659","KIA 타이거즈","정해원","IF","","0","https://www.koreabaseball.com/Record/Player/HitterDetail/Total.aspx?playerId=53659","","","","","","","","","","","","","","","","","","","","",""
"2024","53764","KBO-53764","한화 이글스","문현빈","IF","한화","1","https://www.koreabaseball.com/Record/Player/HitterDetail/Total.aspx?playerId=53764","0.277","103","289","260","29","72","16","2","5","107","47","3","5","24","2","53","9","0.412","0.340","3","0.752"
"2024","53827","KBO-53827","SSG 랜더스","에레디아","OF","SSG","1","https://www.koreabaseball.com/Record/Player/HitterDetail/Total.aspx?playerId=53827","0.360","136","591","541","82","195","31","1","21","291","118","4","3","28","13","73","12","0.538","0.399","3","0.937"
"2024","54097","KBO-54097","KT 위즈","김민석","C","","0","https://www.koreabaseball.com/Record/Player/HitterDetail/Total.aspx?playerId=54097","","","","","","","","","","","","","","","","","","","","",""
"2024","54156","KBO-54156","LG 트윈스","손용준","IF","","0","https://www.koreabaseball.com/Record/Player/HitterDetail/Total.aspx?playerId=54156","","","","","","","","","","","","","","","","","","","","",""
"2024","54166","KBO-54166","LG 트윈스","김현종","OF","LG","1","https://www.koreabaseball.com/Record/Player/HitterDetail/Total.aspx?playerId=54166","0.200","17","16","15","8","3","1","0","0","4","2","0","0","0","1","4","0","0.267","0.250","0","0.517"
"2024","54205","KBO-54205","두산 베어스","여동건","IF","두산","1","https://www.koreabaseball.com/Record/Player/HitterDetail/Total.aspx?playerId=54205","0.400","9","11","10","2","4","0","0","0","4","0","3","0","1","0","2","0","0.400","0.455","0","0.855"
"2024","54214","KBO-54214","두산 베어스","전다민","OF","두산","1","https://www.koreabaseball.com/Record/Player/HitterDetail/Total.aspx?playerId=54214","0.333","25","34","27","10","9","2","0","0","11","1","1","1","7","0","8","0","0.407","0.471","0","0.878"
"2024","54219","KBO-54219","두산 베어스","류현준","C","두산","1","https://www.koreabaseball.com/Record/Player/HitterDetail/Total.aspx?playerId=54219","0.667","2","3","3","0","2","1","0","0","3","1","0","0","0","0","0","0","1.000","0.667","0","1.667"
"2024","54236","KBO-54236","두산 베어스","임종성","IF","두산","1","https://www.koreabaseball.com/Record/Player/HitterDetail/Total.aspx?playerId=54236","0.000","1","4","3","0","0","0","0","0","0","0","0","0","1","0","1","0","0.000","0.250","0","0.250"
"2024","54305","KBO-54305","키움 히어로즈","이재상","IF","키움","1","https://www.koreabaseball.com/Record/Player/HitterDetail/Total.aspx?playerId=54305","0.190","36","89","84","7","16","1","0","1","20","5","0","0","2","2","33","0","0.238","0.227","4","0.465"
"2024","54307","KBO-54307","키움 히어로즈","원성준","OF","키움","1","https://www.koreabaseball.com/Record/Player/HitterDetail/Total.aspx?playerId=54307","0.250","51","125","112","12","28","5","0","2","39","11","2","0","10","0","36","2","0.348","0.306","1","0.654"
"2024","54344","KBO-54344","키움 히어로즈","고영우","IF","키움","1","https://www.koreabaseball.com/Record/Player/HitterDetail/Total.aspx?playerId=54344","0.256","94","290","254","21","65","12","2","0","81","35","0","0","28","1","71","5","0.319","0.329","12","0.648"
"2024","54394","KBO-54394","키움 히어로즈","송지후","IF","키움","1","https://www.koreabaseball.com/Record/Player/HitterDetail/Total.aspx?playerId=54394","0.000","2","1","1","1","0","0","0","0","0","0","0","0","0","0","0","0","0.000","0.000","0","0.000"
"2024","54400","KBO-54400","삼성 라이온즈","디아즈","IF","삼성","1","https://www.koreabaseball.com/Record/Player/HitterDetail/Total.aspx?playerId=54400","0.282","29","118","110","14","31","5","0","7","57","19","0","0","6","2","25","2","0.518","0.331","1","0.849"
"2024","54408","KBO-54408","삼성 라이온즈","양도근","IF","삼성","1","https://www.koreabaseball.com/Record/Player/HitterDetail/Total.aspx?playerId=54408","0.174","16","29","23","5","4","0","1","0","6","2","0","0","5","0","8","0","0.261","0.321","0","0.582"
"2024","54444","KBO-54444","키움 히어로즈","카디네스","OF","삼성","1","https://www.koreabaseball.com/Record/Player/HitterDetail/Total.aspx?playerId=54444","0.333","7","25","24","2","8","2","0","2","16","5","0","1","1","0","6","1","0.667","0.360","0","1.027"
"2024","54506","KBO-54506","롯데 자이언츠","강승구","C","롯데","1","https://www.koreabaseball.com/Record/Player/HitterDetail/Total.aspx?playerId=54506","0.000","5","2","2","0","0","0","0","0","0","0","0","0","0","0","1","0","0.000","0.000","0","0.000"
"2024","54507","KBO-54507","롯데 자이언츠","백두산","C","롯데","1","https://www.koreabaseball.com/Record/Player/HitterDetail/Total.aspx?playerId=54507","0.000","1","1","1","0","0","0","0","0","0","0","0","0","0","0","1","0","0.000","0.000","0","0.000"
"2024","54529","KBO-54529","롯데 자이언츠","레이예스","OF","롯데","1","https://www.koreabaseball.com/Record/Player/HitterDetail/Total.aspx?playerId=54529","0.352","144","632","574","88","202","40","3","15","293","111","5","0","46","1","82","16","0.510","0.394","4","0.904"
"2024","54598","KBO-54598","롯데 자이언츠","이호준","IF","롯데","1","https://www.koreabaseball.com/Record/Player/HitterDetail/Total.aspx?playerId=54598","0.333","12","7","6","5","2","1","1","0","5","3","0","0","1","0","1","0","0.833","0.429","0","1.262"
"2024","54706","KBO-54706","한화 이글스","이승현","IF","","0","https://www.koreabaseball.com/Record/Player/HitterDetail/Total.aspx?playerId=54706","","","","","","","","","","","","","","","","","","","","",""
"2024","54795","KBO-54795","한화 이글스","황영묵","IF","한화","1","https://www.koreabaseball.com/Record/Player/HitterDetail/Total.aspx?playerId=54795","0.301","123","389","349","52","105","8","4","3","130","35","4","7","31","5","56","6","0.372","0.365","12","0.737"
"2024","54805","KBO-54805","SSG 랜더스","박지환","IF","SSG","1","https://www.koreabaseball.com/Record/Player/HitterDetail/Total.aspx?playerId=54805","0.276","76","249","228","33","63","9","2","4","88","21","8","3","12","3","61","3","0.386","0.317","8","0.703"
"2024","54806","KBO-54806","SSG 랜더스","이승민","OF","","0","https://www.koreabaseball.com/Record/Player/HitterDetail/Total.aspx?playerId=54806","","","","","","","","","","","","","","","","","","","","",""
"2024","54810","KBO-54810","SSG 랜더스","김규민","C","","0","https://www.koreabaseball.com/Record/Player/HitterDetail/Total.aspx?playerId=54810","","","","","","","","","","","","","","","","","","","","",""
"2024","54812","KBO-54812","SSG 랜더스","정준재","IF","SSG","1","https://www.koreabaseball.com/Record/Player/HitterDetail/Total.aspx?playerId=54812","0.307","88","240","215","40","66","8","5","1","87","23","16","5","19","3","49","3","0.405","0.371","3","0.776"
"2024","54905","KBO-54905","NC 다이노스","김세훈","IF","NC","1","https://www.koreabaseball.com/Record/Player/HitterDetail/Total.aspx?playerId=54905","0.000","7","5","4","0","0","0","0","0","0","0","0","0","1","0","2","0","0.000","0.200","0","0.200"
"2024","54908","KBO-54908","NC 다이노스","고승완","OF","","0","https://www.koreabaseball.com/Record/Player/HitterDetail/Total.aspx?playerId=54908","","","","","","","","","","","","","","","","","","","","",""
"2024","54944","KBO-54944","NC 다이노스","데이비슨","IF","NC","1","https://www.koreabaseball.com/Record/Player/HitterDetail/Total.aspx?playerId=54944","0.306","131","567","504","90","154","25","1","46","319","119","0","1","39","17","142","12","0.633","0.370","11","1.003"
"2024","55004","KBO-55004","KT 위즈","박민석","OF","","0","https://www.koreabaseball.com/Record/Player/HitterDetail/Total.aspx?playerId=55004","","","","","","","","","","","","","","","","","","","","",""
"2024","55005","KBO-55005","KT 위즈","오서진","IF","","0","https://www.koreabaseball.com/Record/Player/HitterDetail/Total.aspx?playerId=55005","","","","","","","","","","","","","","","","","","","","",""
"2024","55013","KBO-55013","KT 위즈","스티븐슨","OF","","0","https://www.koreabaseball.com/Record/Player/HitterDetail/Total.aspx?playerId=55013","","","","","","","","","","","","","","","","","","","","",""
"2024","55100","KBO-55100","LG 트윈스","이한림","C","","0","https://www.koreabaseball.com/Record/Player/HitterDetail/Total.aspx?playerId=55100","","","","","","","","","","","","","","","","","","","","",""
"2024","55160","KBO-55160","LG 트윈스","서영준","OF","","0","https://www.koreabaseball.com/Record/Player/HitterDetail/Total.aspx?playerId=55160","","","","","","","","","","","","","","","","","","","","",""
"2024","55164","KBO-55164","LG 트윈스","박관우","OF","","0","https://www.koreabaseball.com/Record/Player/HitterDetail/Total.aspx?playerId=55164","","","","","","","","","","","","","","","","","","","","",""
"2024","55165","KBO-55165","LG 트윈스","이태훈","IF","","0","https://www.koreabaseball.com/Record/Player/HitterDetail/Total.aspx?playerId=55165","","","","","","","","","","","","","","","","","","","","",""
"2024","55208","KBO-55208","두산 베어스","케이브","OF","","0","https://www.koreabaseball.com/Record/Player/HitterDetail/Total.aspx?playerId=55208","","","","","","","","","","","","","","","","","","","","",""
"2024","55216","KBO-55216","두산 베어스","김성재","C","","0","https://www.koreabaseball.com/Record/Player/HitterDetail/Total.aspx?playerId=55216","","","","","","","","","","","","","","","","","","","","",""
"2024","55224","KBO-55224","두산 베어스","이선우","IF","","0","https://www.koreabaseball.com/Record/Player/HitterDetail/Total.aspx?playerId=55224","","","","","","","","","","","","","","","","","","","","",""
"2024","55226","KBO-55226","두산 베어스","김준상","IF","","0","https://www.koreabaseball.com/Record/Player/HitterDetail/Total.aspx?playerId=55226","","","","","","","","","","","","","","","","","","","","",""
"2024","55252","KBO-55252","두산 베어스","박준순","IF","","0","https://www.koreabaseball.com/Record/Player/HitterDetail/Total.aspx?playerId=55252","","","","","","","","","","","","","","","","","","","","",""
"2024","55339","KBO-55339","키움 히어로즈","염승원","IF","","0","https://www.koreabaseball.com/Record/Player/HitterDetail/Total.aspx?playerId=55339","","","","","","","","","","","","","","","","","","","","",""
"2024","55370","KBO-55370","키움 히어로즈","양현종","IF","","0","https://www.koreabaseball.com/Record/Player/HitterDetail/Total.aspx?playerId=55370","","","","","","","","","","","","","","","","","","","","",""
"2024","55371","KBO-55371","키움 히어로즈","권혁빈","IF","","0","https://www.koreabaseball.com/Record/Player/HitterDetail/Total.aspx?playerId=55371","","","","","","","","","","","","","","","","","","","","",""
"2024","55392","KBO-55392","키움 히어로즈","어준서","IF","","0","https://www.koreabaseball.com/Record/Player/HitterDetail/Total.aspx?playerId=55392","","","","","","","","","","","","","","","","","","","","",""
"2024","55393","KBO-55393","키움 히어로즈","여동욱","IF","","0","https://www.koreabaseball.com/Record/Player/HitterDetail/Total.aspx?playerId=55393","","","","","","","","","","","","","","","","","","","","",""
"2024","55397","KBO-55397","키움 히어로즈","전태현","IF","","0","https://www.koreabaseball.com/Record/Player/HitterDetail/Total.aspx?playerId=55397","","","","","","","","","","","","","","","","","","","","",""
"2024","55435","KBO-55435","삼성 라이온즈","차승준","IF","","0","https://www.koreabaseball.com/Record/Player/HitterDetail/Total.aspx?playerId=55435","","","","","","","","","","","","","","","","","","","","",""
"2024","55438","KBO-55438","삼성 라이온즈","심재훈","IF","","0","https://www.koreabaseball.com/Record/Player/HitterDetail/Total.aspx?playerId=55438","","","","","","","","","","","","","","","","","","","","",""
"2024","55440","KBO-55440","삼성 라이온즈","함수호","OF","","0","https://www.koreabaseball.com/Record/Player/HitterDetail/Total.aspx?playerId=55440","","","","","","","","","","","","","","","","","","","","",""
"2024","55502","KBO-55502","롯데 자이언츠","김동현","OF","","0","https://www.koreabaseball.com/Record/Player/HitterDetail/Total.aspx?playerId=55502","","","","","","","","","","","","","","","","","","","","",""
"2024","55506","KBO-55506","롯데 자이언츠","한승현","OF","","0","https://www.koreabaseball.com/Record/Player/HitterDetail/Total.aspx?playerId=55506","","","","","","","","","","","","","","","","","","","","",""
"2024","55509","KBO-55509","롯데 자이언츠","박건우","C","","0","https://www.koreabaseball.com/Record/Player/HitterDetail/Total.aspx?playerId=55509","","","","","","","","","","","","","","","","","","","","",""
"2024","55511","KBO-55511","롯데 자이언츠","이태경","IF","","0","https://www.koreabaseball.com/Record/Player/HitterDetail/Total.aspx?playerId=55511","","","","","","","","","","","","","","","","","","","","",""
"2024","55530","KBO-55530","롯데 자이언츠","박찬형","IF","","0","https://www.koreabaseball.com/Record/Player/HitterDetail/Total.aspx?playerId=55530","","","","","","","","","","","","","","","","","","","","",""
"2024","55563","KBO-55563","롯데 자이언츠","박재엽","C","","0","https://www.koreabaseball.com/Record/Player/HitterDetail/Total.aspx?playerId=55563","","","","","","","","","","","","","","","","","","","","",""
"2024","55636","KBO-55636","KIA 타이거즈","박재현","OF","","0","https://www.koreabaseball.com/Record/Player/HitterDetail/Total.aspx?playerId=55636","","","","","","","","","","","","","","","","","","","","",""
"2024","55637","KBO-55637","KIA 타이거즈","박헌","OF","","0","https://www.koreabaseball.com/Record/Player/HitterDetail/Total.aspx?playerId=55637","","","","","","","","","","","","","","","","","","","","",""
"2024","55645","KBO-55645","KIA 타이거즈","위즈덤","IF","","0","https://www.koreabaseball.com/Record/Player/HitterDetail/Total.aspx?playerId=55645","","","","","","","","","","","","","","","","","","","","",""
"2024","55703","KBO-55703","한화 이글스","리베라토","OF","","0","https://www.koreabaseball.com/Record/Player/HitterDetail/Total.aspx?playerId=55703","","","","","","","","","","","","","","","","","","","","",""
"2024","55710","KBO-55710","한화 이글스","이민재","OF","","0","https://www.koreabaseball.com/Record/Player/HitterDetail/Total.aspx?playerId=55710","","","","","","","","","","","","","","","","","","","","",""
"2024","55767","KBO-55767","한화 이글스","한지윤","C","","0","https://www.koreabaseball.com/Record/Player/HitterDetail/Total.aspx?playerId=55767","","","","","","","","","","","","","","","","","","","","",""
"2024","55798","KBO-55798","한화 이글스","배승수","IF","","0","https://www.koreabaseball.com/Record/Player/HitterDetail/Total.aspx?playerId=55798","","","","","","","","","","","","","","","","","","","","",""
"2024","55832","KBO-55832","SSG 랜더스","이율예","C","","0","https://www.koreabaseball.com/Record/Player/HitterDetail/Total.aspx?playerId=55832","","","","","","","","","","","","","","","","","","","","",""
"2024","55894","KBO-55894","SSG 랜더스","최윤석","IF","","0","https://www.koreabaseball.com/Record/Player/HitterDetail/Total.aspx?playerId=55894","","","","","","","","","","","","","","","","","","","","",""
"2024","55897","KBO-55897","SSG 랜더스","홍대인","IF","","0","https://www.koreabaseball.com/Record/Player/HitterDetail/Total.aspx?playerId=55897","","","","","","","","","","","","","","","","","","","","",""
"2024","55926","KBO-55926","KIA 타이거즈","정현창","IF","","0","https://www.koreabaseball.com/Record/Player/HitterDetail/Total.aspx?playerId=55926","","","","","","","","","","","","","","","","","","","","",""
"2024","55993","KBO-55993","NC 다이노스","장창훈","IF","","0","https://www.koreabaseball.com/Record/Player/HitterDetail/Total.aspx?playerId=55993","","","","","","","","","","","","","","","","","","","","",""
"2024","60523","KBO-60523","롯데 자이언츠","정훈","IF","롯데","1","https://www.koreabaseball.com/Record/Player/HitterDetail/Total.aspx?playerId=60523","0.267","109","325","285","31","76","20","0","9","123","47","1","1","35","0","63","3","0.432","0.343","3","0.775"
"2024","60558","KBO-60558","SSG 랜더스","오태곤","OF","SSG","1","https://www.koreabaseball.com/Record/Player/HitterDetail/Total.aspx?playerId=60558","0.275","117","288","247","43","68","16","0","9","111","36","27","4","31","1","73","4","0.449","0.355","4","0.804"
"2024","61102","KBO-61102","롯데 자이언츠","유강남","C","롯데","1","https://www.koreabaseball.com/Record/Player/HitterDetail/Total.aspx?playerId=61102","0.191","52","155","136","11","26","3","0","5","44","20","0","0","9","7","25","4","0.324","0.275","3","0.599"
"2024","61353","KBO-61353","KIA 타이거즈","고종욱","OF","KIA","1","https://www.koreabaseball.com/Record/Player/HitterDetail/Total.aspx?playerId=61353","0.250","28","36","32","3","8","2","0","1","13","4","0","0","4","0","6","2","0.406","0.333","0","0.739"
"2024","61404","KBO-61404","삼성 라이온즈","김헌곤","OF","삼성","1","https://www.koreabaseball.com/Record/Player/HitterDetail/Total.aspx?playerId=61404","0.302","117","311","281","43","85","8","1","9","122","34","4","2","22","3","50","5","0.434","0.358","1","0.792"
"2024","62234","KBO-62234","삼성 라이온즈","류지혁","IF","삼성","1","https://www.koreabaseball.com/Record/Player/HitterDetail/Total.aspx?playerId=62234","0.258","100","348","302","43","78","9","1","3","98","36","11","4","33","6","70","7","0.325","0.341","7","0.666"
"2024","62244","KBO-62244","NC 다이노스","박세혁","C","NC","1","https://www.koreabaseball.com/Record/Player/HitterDetail/Total.aspx?playerId=62244","0.264","82","171","148","21","39","9","0","1","51","10","4","0","14","3","43","3","0.345","0.337","3","0.682"
"2024","62332","KBO-62332","키움 히어로즈","김재현","C","키움","1","https://www.koreabaseball.com/Record/Player/HitterDetail/Total.aspx?playerId=62332","0.243","110","326","288","27","70","11","0","0","81","26","1","1","14","10","63","8","0.281","0.297","7","0.578"
"2024","62404","KBO-62404","삼성 라이온즈","구자욱","OF","삼성","1","https://www.koreabaseball.com/Record/Player/HitterDetail/Total.aspx?playerId=62404","0.343","129","568","493","92","169","39","1","33","309","115","13","4","55","12","73","6","0.627","0.417","1","1.044"
"2024","62415","KBO-62415","LG 트윈스","박해민","OF","LG","1","https://www.koreabaseball.com/Record/Player/HitterDetail/Total.aspx?playerId=62415","0.263","144","553","482","72","127","16","6","6","173","56","43","13","46","11","101","3","0.359","0.336","1","0.695"
"2024","62558","KBO-62558","LG 트윈스","김준태","C","KT","1","https://www.koreabaseball.com/Record/Player/HitterDetail/Total.aspx?playerId=62558","0.240","23","30","25","6","6","2","0","0","8","3","0","0","5","0","6","0","0.320","0.367","0","0.687"
"2024","62700","KBO-62700","한화 이글스","하주석","IF","한화","1","https://www.koreabaseball.com/Record/Player/HitterDetail/Total.aspx?playerId=62700","0.292","64","151","137","16","40","9","1","1","54","11","1","2","10","2","33","1","0.394","0.349","7","0.743"
"2024","62802","KBO-62802","롯데 자이언츠","박승욱","IF","롯데","1","https://www.koreabaseball.com/Record/Player/HitterDetail/Total.aspx?playerId=62802","0.262","139","468","405","57","106","19","1","7","148","53","4","5","47","10","120","7","0.365","0.351","23","0.716"
"2024","62864","KBO-62864","SSG 랜더스","김민식","C","SSG","1","https://www.koreabaseball.com/Record/Player/HitterDetail/Total.aspx?playerId=62864","0.208","45","126","106","10","22","5","0","1","30","10","0","0","16","0","33","2","0.283","0.311","0","0.594"
"2024","62884","KBO-62884","롯데 자이언츠","최항","IF","롯데","1","https://www.koreabaseball.com/Record/Player/HitterDetail/Total.aspx?playerId=62884","0.250","72","143","132","17","33","3","1","0","38","12","0","1","10","1","32","3","0.288","0.308","2","0.596"
"2024","62895","KBO-62895","SSG 랜더스","한유섬","OF","SSG","1","https://www.koreabaseball.com/Record/Player/HitterDetail/Total.aspx?playerId=62895","0.235","132","523","464","64","109","29","0","24","210","87","0","1","46","9","142","2","0.453","0.314","7","0.767"
"2024","62907","KBO-62907","NC 다이노스","박민우","IF","NC","1","https://www.koreabaseball.com/Record/Player/HitterDetail/Total.aspx?playerId=62907","0.328","121","528","457","75","150","26","2","8","204","50","32","7","54","9","79","5","0.446","0.406","6","0.852"
"2024","62931","KBO-62931","롯데 자이언츠","노진혁","IF","롯데","1","https://www.koreabaseball.com/Record/Player/HitterDetail/Total.aspx?playerId=62931","0.219","73","157","137","13","30","6","0","2","42","13","0","0","15","1","39","1","0.307","0.297","8","0.604"
"2024","62934","KBO-62934","SSG 랜더스","김성욱","OF","NC","1","https://www.koreabaseball.com/Record/Player/HitterDetail/Total.aspx?playerId=62934","0.204","129","412","358","55","73","8","2","17","136","60","10","4","31","15","79","7","0.380","0.291","1","0.671"
"2024","62947","KBO-62947","KIA 타이거즈","나성범","OF","KIA","1","https://www.koreabaseball.com/Record/Player/HitterDetail/Total.aspx?playerId=62947","0.291","102","424","374","51","109","17","1","21","191","80","0","0","38","4","98","8","0.511","0.357","1","0.868"
"2024","63123","KBO-63123","두산 베어스","강승호","IF","두산","1","https://www.koreabaseball.com/Record/Player/HitterDetail/Total.aspx?playerId=63123","0.280","140","566","521","81","146","34","7","18","248","81","16","5","32","7","158","8","0.476","0.328","13","0.804"
"2024","63202","KBO-63202","두산 베어스","장승현","C","두산","1","https://www.koreabaseball.com/Record/Player/HitterDetail/Total.aspx?playerId=63202","0.200","9","23","20","1","4","2","0","0","6","0","0","1","2","0","5","0","0.300","0.273","0","0.573"
"2024","63257","KBO-63257","두산 베어스","김인태","OF","두산","1","https://www.koreabaseball.com/Record/Player/HitterDetail/Total.aspx?playerId=63257","0.174","10","26","23","3","4","0","0","1","7","2","0","0","2","0","7","1","0.304","0.231","0","0.535"
"2024","63260","KBO-63260","NC 다이노스","이우성","OF","KIA","1","https://www.koreabaseball.com/Record/Player/HitterDetail/Total.aspx?playerId=63260","0.288","112","449","399","56","115","16","1","9","160","54","7","1","44","3","89","17","0.401","0.361","8","0.762"
"2024","63722","KBO-63722","KIA 타이거즈","한승택","C","KIA","1","https://www.koreabaseball.com/Record/Player/HitterDetail/Total.aspx?playerId=63722","0.273","20","15","11","2","3","0","0","0","3","2","0","0","4","0","1","0","0.273","0.467","2","0.740"
"2024","63963","KBO-63963","NC 다이노스","권희동","OF","NC","1","https://www.koreabaseball.com/Record/Player/HitterDetail/Total.aspx?playerId=63963","0.300","123","511","416","66","125","22","1","13","188","77","4","0","77","10","63","10","0.452","0.417","2","0.869"
"2024","64004","KBO-64004","KT 위즈","김민혁","OF","KT","1","https://www.koreabaseball.com/Record/Player/HitterDetail/Total.aspx?playerId=64004","0.353","115","393","351","47","124","14","3","1","147","34","4","2","35","1","45","9","0.419","0.410","3","0.829"
"2024","64006","KBO-64006","한화 이글스","심우준","IF","KT","1","https://www.koreabaseball.com/Record/Player/HitterDetail/Total.aspx?playerId=64006","0.266","53","192","169","22","45","4","0","3","58","28","7","1","17","1","29","3","0.343","0.337","8","0.680"
"2024","64007","KBO-64007","KT 위즈","문상철","IF","KT","1","https://www.koreabaseball.com/Record/Player/HitterDetail/Total.aspx?playerId=64007","0.256","125","403","347","50","89","11","0","17","151","58","6","1","45","7","86","8","0.435","0.351","6","0.786"
"2024","64012","KBO-64012","KT 위즈","송민섭","OF","KT","1","https://www.koreabaseball.com/Record/Player/HitterDetail/Total.aspx?playerId=64012","0.214","36","20","14","8","3","0","0","0","3","1","0","1","3","2","6","0","0.214","0.421","1","0.635"
"2024","64022","KBO-64022","NC 다이노스","안중열","C","NC","1","https://www.koreabaseball.com/Record/Player/HitterDetail/Total.aspx?playerId=64022","0.286","10","25","21","5","6","1","0","2","13","4","0","0","3","0","7","0","0.619","0.360","0","0.979"
"2024","64101","KBO-64101","NC 다이노스","한석현","OF","NC","1","https://www.koreabaseball.com/Record/Player/HitterDetail/Total.aspx?playerId=64101","0.247","40","76","73","10","18","4","1","0","24","3","2","1","2","1","22","2","0.329","0.276","0","0.605"
"2024","64115","KBO-64115","KT 위즈","장준원","IF","KT","1","https://www.koreabaseball.com/Record/Player/HitterDetail/Total.aspx?playerId=64115","0.071","17","18","14","1","1","0","0","0","1","0","0","0","4","0","5","0","0.071","0.278","0","0.349"
"2024","64153","KBO-64153","두산 베어스","양석환","IF","두산","1","https://www.koreabaseball.com/Record/Player/HitterDetail/Total.aspx?playerId=64153","0.246","142","593","533","83","131","25","1","34","260","107","5","3","49","7","128","15","0.488","0.316","10","0.804"
"2024","64166","KBO-64166","KT 위즈","배정대","OF","KT","1","https://www.koreabaseball.com/Record/Player/HitterDetail/Total.aspx?playerId=64166","0.275","113","473","404","49","111","25","1","7","159","59","9","7","50","4","114","5","0.394","0.355","7","0.749"
"2024","64340","KBO-64340","키움 히어로즈","임지열","OF","키움","1","https://www.koreabaseball.com/Record/Player/HitterDetail/Total.aspx?playerId=64340","0.102","22","57","49","4","5","0","0","1","8","5","0","0","7","0","16","2","0.163","0.211","0","0.374"
"2024","64346","KBO-64346","키움 히어로즈","임병욱","OF","키움","1","https://www.koreabaseball.com/Record/Player/HitterDetail/Total.aspx?playerId=64346","0.241","42","92","87","14","21","3","0","3","33","10","1","0","4","0","32","1","0.379","0.272","1","0.651"
"2024","64468","KBO-64468","두산 베어스","박계범","IF","두산","1","https://www.koreabaseball.com/Record/Player/HitterDetail/Total.aspx?playerId=64468","0.200","24","20","15","5","3","1","0","0","4","0","1","0","5","0","7","2","0.267","0.400","3","0.667"
"2024","64504","KBO-64504","KT 위즈","오윤석","IF","KT","1","https://www.koreabaseball.com/Record/Player/HitterDetail/Total.aspx?playerId=64504","0.293","73","201","174","33","51","12","2","6","85","27","0","1","18","4","41","7","0.489","0.369","3","0.858"
"2024","64560","KBO-64560","KIA 타이거즈","이창진","OF","KIA","1","https://www.koreabaseball.com/Record/Player/HitterDetail/Total.aspx?playerId=64560","0.262","103","247","191","36","50","10","0","1","63","18","4","3","45","2","36","6","0.330","0.401","1","0.731"
"2024","64610","KBO-64610","삼성 라이온즈","강한울","IF","삼성","1","https://www.koreabaseball.com/Record/Player/HitterDetail/Total.aspx?playerId=64610","0.095","18","25","21","1","2","0","0","0","2","1","0","0","0","0","6","1","0.095","0.091","1","0.186"
"2024","64646","KBO-64646","KIA 타이거즈","박찬호","IF","KIA","1","https://www.koreabaseball.com/Record/Player/HitterDetail/Total.aspx?playerId=64646","0.307","134","577","515","86","158","24","1","5","199","61","20","13","48","1","44","9","0.386","0.363","23","0.749"
"2024","64793","KBO-64793","LG 트윈스","김민수","IF","삼성","1","https://www.koreabaseball.com/Record/Player/HitterDetail/Total.aspx?playerId=64793","0.250","9","8","8","1","2","0","0","1","5","3","0","0","0","0","1","0","0.625","0.250","0","0.875"
"2024","64984","KBO-64984","키움 히어로즈","김태진","IF","키움","1","https://www.koreabaseball.com/Record/Player/HitterDetail/Total.aspx?playerId=64984","0.222","81","202","189","26","42","6","3","0","54","10","0","0","7","0","27","1","0.286","0.249","4","0.535"
"2024","65040","KBO-65040","삼성 라이온즈","김태훈","OF","삼성","1","https://www.koreabaseball.com/Record/Player/HitterDetail/Total.aspx?playerId=65040","0.200","12","21","20","2","4","1","0","0","5","1","0","0","0","1","3","1","0.250","0.238","0","0.488"
"2024","65115","KBO-65115","LG 트윈스","안익훈","OF","LG","1","https://www.koreabaseball.com/Record/Player/HitterDetail/Total.aspx?playerId=65115","0.184","37","56","49","8","9","1","0","0","10","3","2","0","4","0","13","2","0.204","0.241","0","0.445"
"2024","65132","KBO-65132","삼성 라이온즈","김재성","C","삼성","1","https://www.koreabaseball.com/Record/Player/HitterDetail/Total.aspx?playerId=65132","0.200","10","23","20","3","4","1","0","0","5","1","0","0","3","0","5","1","0.250","0.304","1","0.554"
"2024","65207","KBO-65207","LG 트윈스","신민재","IF","LG","1","https://www.koreabaseball.com/Record/Player/HitterDetail/Total.aspx?playerId=65207","0.297","128","474","387","78","115","11","6","0","138","40","32","11","64","5","47","7","0.357","0.401","11","0.758"
"2024","65269","KBO-65269","두산 베어스","김민혁","IF","두산","1","https://www.koreabaseball.com/Record/Player/HitterDetail/Total.aspx?playerId=65269","0.200","5","8","5","1","1","0","0","1","4","2","0","0","3","0","3","0","0.800","0.500","0","1.300"
"2024","65357","KBO-65357","키움 히어로즈","송성문","IF","키움","1","https://www.koreabaseball.com/Record/Player/HitterDetail/Total.aspx?playerId=65357","0.340","142","602","527","88","179","29","4","19","273","104","21","0","64","3","82","5","0.518","0.409","10","0.927"
"2024","65464","KBO-65464","KIA 타이거즈","최정용","IF","KIA","1","https://www.koreabaseball.com/Record/Player/HitterDetail/Total.aspx?playerId=65464","0.182","6","12","11","0","2","0","0","0","2","1","0","0","1","0","4","1","0.182","0.250","1","0.432"
"2024","65586","KBO-65586","삼성 라이온즈","전병우","IF","삼성","1","https://www.koreabaseball.com/Record/Player/HitterDetail/Total.aspx?playerId=65586","0.225","58","128","111","17","25","5","0","5","45","14","0","1","14","1","42","3","0.405","0.313","3","0.718"
"2024","65610","KBO-65610","KIA 타이거즈","황대인","IF","KIA","1","https://www.koreabaseball.com/Record/Player/HitterDetail/Total.aspx?playerId=65610","0.286","3","7","7","1","2","1","0","0","3","3","0","0","0","0","1","0","0.429","0.286","0","0.715"
"2024","65653","KBO-65653","KIA 타이거즈","김호령","OF","KIA","1","https://www.koreabaseball.com/Record/Player/HitterDetail/Total.aspx?playerId=65653","0.136","64","67","59","12","8","2","0","1","13","4","3","2","8","0","25","1","0.220","0.239","2","0.459"
"2024","65703","KBO-65703","한화 이글스","이도윤","IF","한화","1","https://www.koreabaseball.com/Record/Player/HitterDetail/Total.aspx?playerId=65703","0.277","134","374","336","49","93","10","3","1","112","46","6","4","26","3","56","5","0.333","0.332","15","0.665"
"2024","65898","KBO-65898","키움 히어로즈","김웅빈","IF","키움","1","https://www.koreabaseball.com/Record/Player/HitterDetail/Total.aspx?playerId=65898","0.125","12","38","32","2","4","0","0","0","4","2","0","0","4","1","15","1","0.125","0.243","0","0.368"
"2024","65905","KBO-65905","LG 트윈스","최승민","OF","LG","1","https://www.koreabaseball.com/Record/Player/HitterDetail/Total.aspx?playerId=65905","0.077","57","16","13","20","1","0","0","0","1","1","11","7","2","0","3","0","0.077","0.200","0","0.277"
"2024","66108","KBO-66108","LG 트윈스","홍창기","OF","LG","1","https://www.koreabaseball.com/Record/Player/HitterDetail/Total.aspx?playerId=66108","0.336","139","637","524","96","176","18","3","5","215","73","10","11","96","12","93","8","0.410","0.447","10","0.857"
"2024","66112","KBO-66112","두산 베어스","김기연","C","두산","1","https://www.koreabaseball.com/Record/Player/HitterDetail/Total.aspx?playerId=66112","0.278","95","283","252","31","70","10","0","5","95","31","0","2","22","2","47","5","0.377","0.337","2","0.714"
"2024","66162","KBO-66162","LG 트윈스","김주성","IF","LG","1","https://www.koreabaseball.com/Record/Player/HitterDetail/Total.aspx?playerId=66162","0.167","12","9","6","1","1","0","0","0","1","0","0","0","3","0","0","0","0.167","0.444","1","0.611"
"2024","66209","KBO-66209","두산 베어스","조수행","OF","두산","1","https://www.koreabaseball.com/Record/Player/HitterDetail/Total.aspx?playerId=66209","0.265","130","382","328","60","87","5","2","0","96","30","64","8","33","3","53","2","0.293","0.334","1","0.627"
"2024","66233","KBO-66233","두산 베어스","홍성호","OF","두산","1","https://www.koreabaseball.com/Record/Player/HitterDetail/Total.aspx?playerId=66233","0.286","15","15","14","0","4","2","0","0","6","1","1","0","1","0","7","0","0.429","0.333","0","0.762"
"2024","66354","KBO-66354","KIA 타이거즈","주효상","C","","0","https://www.koreabaseball.com/Record/Player/HitterDetail/Total.aspx?playerId=66354","","","","","","","","","","","","","","","","","","","","",""
"2024","66406","KBO-66406","삼성 라이온즈","안주형","IF","삼성","1","https://www.koreabaseball.com/Record/Player/HitterDetail/Total.aspx?playerId=66406","0.218","82","166","142","24","31","2","0","0","33","8","4","2","11","1","39","3","0.232","0.279","3","0.511"
"2024","66409","KBO-66409","삼성 라이온즈","이성규","OF","삼성","1","https://www.koreabaseball.com/Record/Player/HitterDetail/Total.aspx?playerId=66409","0.242","122","355","302","56","73","10","1","22","151","57","9","2","31","15","109","5","0.500","0.339","6","0.839"
"2024","66606","KBO-66606","NC 다이노스","최원준","OF","KIA","1","https://www.koreabaseball.com/Record/Player/HitterDetail/Total.aspx?playerId=66606","0.292","136","508","438","75","128","23","3","9","184","56","21","9","50","8","66","6","0.420","0.371","4","0.791"
"2024","66614","KBO-66614","KIA 타이거즈","김규성","IF","KIA","1","https://www.koreabaseball.com/Record/Player/HitterDetail/Total.aspx?playerId=66614","0.250","27","15","12","5","3","1","0","0","4","2","1","0","2","0","4","0","0.333","0.357","3","0.690"
"2024","66657","KBO-66657","한화 이글스","이진영","OF","한화","1","https://www.koreabaseball.com/Record/Player/HitterDetail/Total.aspx?playerId=66657","0.204","42","103","93","20","19","6","0","1","28","13","0","1","8","2","27","3","0.301","0.282","1","0.583"
"2024","66662","KBO-66662","SSG 랜더스","신범수","C","SSG","1","https://www.koreabaseball.com/Record/Player/HitterDetail/Total.aspx?playerId=66662","0.222","11","29","27","4","6","3","0","0","9","2","0","0","1","1","5","0","0.333","0.276","0","0.609"
"2024","66704","KBO-66704","한화 이글스","김태연","OF","한화","1","https://www.koreabaseball.com/Record/Player/HitterDetail/Total.aspx?playerId=66704","0.291","126","472","413","59","120","24","0","12","180","61","5","2","45","4","89","9","0.436","0.363","9","0.799"
"2024","66706","KBO-66706","KT 위즈","장진혁","OF","한화","1","https://www.koreabaseball.com/Record/Player/HitterDetail/Total.aspx?playerId=66706","0.263","99","327","289","56","76","16","0","9","119","44","14","6","29","3","72","6","0.412","0.335","1","0.747"
"2024","66707","KBO-66707","한화 이글스","박상언","C","한화","1","https://www.koreabaseball.com/Record/Player/HitterDetail/Total.aspx?playerId=66707","0.286","27","52","42","4","12","3","0","0","15","4","1","0","9","1","12","0","0.357","0.423","1","0.780"
"2024","66715","KBO-66715","한화 이글스","김인환","IF","한화","1","https://www.koreabaseball.com/Record/Player/HitterDetail/Total.aspx?playerId=66715","0.237","51","143","131","11","31","2","0","1","36","7","0","0","10","2","32","5","0.275","0.301","2","0.576"
"2024","66838","KBO-66838","키움 히어로즈","김동엽","OF","삼성","1","https://www.koreabaseball.com/Record/Player/HitterDetail/Total.aspx?playerId=66838","0.111","8","21","18","1","2","1","0","0","3","2","0","0","1","1","5","0","0.167","0.190","0","0.357"
"2024","66864","KBO-66864","SSG 랜더스","안상현","IF","SSG","1","https://www.koreabaseball.com/Record/Player/HitterDetail/Total.aspx?playerId=66864","0.171","37","75","70","3","12","1","0","0","13","2","1","1","4","0","14","0","0.186","0.216","5","0.402"
"2024","66917","KBO-66917","SSG 랜더스","김찬형","IF","SSG","1","https://www.koreabaseball.com/Record/Player/HitterDetail/Total.aspx?playerId=66917","0.000","5","9","9","0","0","0","0","0","0","0","0","0","0","0","4","0","0.000","0.000","0","0.000"
"2024","66928","KBO-66928","두산 베어스","박준영","IF","두산","1","https://www.koreabaseball.com/Record/Player/HitterDetail/Total.aspx?playerId=66928","0.226","65","212","186","25","42","9","2","7","76","28","2","0","21","3","58","3","0.409","0.313","4","0.722"
"2024","66965","KBO-66965","NC 다이노스","도태훈","IF","NC","1","https://www.koreabaseball.com/Record/Player/HitterDetail/Total.aspx?playerId=66965","0.214","100","181","145","20","31","4","0","0","35","15","1","0","24","6","29","5","0.241","0.345","3","0.586"
"2024","67005","KBO-67005","삼성 라이온즈","홍현빈","OF","KT","1","https://www.koreabaseball.com/Record/Player/HitterDetail/Total.aspx?playerId=67005","0.222","28","22","18","5","4","0","1","0","6","2","0","0","3","0","7","0","0.333","0.333","1","0.666"
"2024","67006","KBO-67006","KT 위즈","안치영","OF","KT","1","https://www.koreabaseball.com/Record/Player/HitterDetail/Total.aspx?playerId=67006","0.250","31","48","44","12","11","0","0","0","11","3","0","1","2","0","12","0","0.250","0.283","0","0.533"
"2024","67207","KBO-67207","두산 베어스","이유찬","IF","두산","1","https://www.koreabaseball.com/Record/Player/HitterDetail/Total.aspx?playerId=67207","0.277","103","262","231","39","64","11","0","3","84","23","16","6","22","1","51","9","0.364","0.341","3","0.705"
"2024","67449","KBO-67449","삼성 라이온즈","김성윤","OF","삼성","1","https://www.koreabaseball.com/Record/Player/HitterDetail/Total.aspx?playerId=67449","0.243","32","89","74","15","18","4","0","0","22","6","3","1","9","1","16","1","0.297","0.326","0","0.623"
"2024","67609","KBO-67609","KIA 타이거즈","박정우","OF","KIA","1","https://www.koreabaseball.com/Record/Player/HitterDetail/Total.aspx?playerId=67609","0.308","66","69","65","17","20","3","1","0","25","11","0","1","4","0","14","3","0.385","0.348","3","0.733"
"2024","67610","KBO-67610","KIA 타이거즈","김석환","OF","","0","https://www.koreabaseball.com/Record/Player/HitterDetail/Total.aspx?playerId=67610","","","","","","","","","","","","","","","","","","","","",""
"2024","67644","KBO-67644","KT 위즈","이정훈","OF","롯데","1","https://www.koreabaseball.com/Record/Player/HitterDetail/Total.aspx?playerId=67644","0.300","65","116","100","10","30","8","0","0","38","18","0","0","13","0","21","4","0.380","0.374","0","0.754"
"2024","67807","KBO-67807","SSG 랜더스","이정범","OF","","0","https://www.koreabaseball.com/Record/Player/HitterDetail/Total.aspx?playerId=67807","","","","","","","","","","","","","","","","","","","","",""
"2024","67893","KBO-67893","SSG 랜더스","박성한","IF","SSG","1","https://www.koreabaseball.com/Record/Player/HitterDetail/Total.aspx?playerId=67893","0.301","137","564","489","78","147","24","0","10","201","67","13","3","64","2","86","11","0.411","0.380","23","0.791"
"2024","67900","KBO-67900","SSG 랜더스","김수윤","IF","NC","1","https://www.koreabaseball.com/Record/Player/HitterDetail/Total.aspx?playerId=67900","0.222","9","10","9","0","2","0","0","0","2","0","0","0","1","0","4","0","0.222","0.300","1","0.522"
"2024","67905","KBO-67905","NC 다이노스","천재환","OF","NC","1","https://www.koreabaseball.com/Record/Player/HitterDetail/Total.aspx?playerId=67905","0.284","89","236","215","31","61","9","1","5","87","33","8","2","13","4","52","7","0.405","0.335","2","0.740"
"2024","68050","KBO-68050","KT 위즈","강백호","C","KT","1","https://www.koreabaseball.com/Record/Player/HitterDetail/Total.aspx?playerId=68050","0.289","144","614","550","92","159","27","0","26","264","96","6","2","59","3","127","6","0.480","0.360","4","0.840"
"2024","68089","KBO-68089","KT 위즈","조대현","C","KT","1","https://www.koreabaseball.com/Record/Player/HitterDetail/Total.aspx?playerId=68089","0.306","26","45","36","2","11","2","0","0","13","3","0","0","3","0","12","1","0.361","0.350","0","0.711"
"2024","68110","KBO-68110","LG 트윈스","송찬의","OF","LG","1","https://www.koreabaseball.com/Record/Player/HitterDetail/Total.aspx?playerId=68110","0.067","10","21","15","2","1","0","0","0","1","1","1","0","3","1","6","0","0.067","0.250","0","0.317"
"2024","68119","KBO-68119","LG 트윈스","문성주","OF","LG","1","https://www.koreabaseball.com/Record/Player/HitterDetail/Total.aspx?playerId=68119","0.315","96","361","305","47","96","16","2","0","116","48","13","7","49","3","38","4","0.380","0.411","1","0.791"
"2024","68205","KBO-68205","롯데 자이언츠","전민재","IF","두산","1","https://www.koreabaseball.com/Record/Player/HitterDetail/Total.aspx?playerId=68205","0.246","100","276","248","34","61","5","1","2","74","32","7","3","17","4","53","8","0.298","0.301","8","0.599"
"2024","68305","KBO-68305","키움 히어로즈","변상권","OF","키움","1","https://www.koreabaseball.com/Record/Player/HitterDetail/Total.aspx?playerId=68305","0.251","77","232","219","16","55","3","1","5","75","21","0","0","11","1","51","4","0.342","0.289","1","0.631"
"2024","68362","KBO-68362","두산 베어스","추재현","OF","롯데","1","https://www.koreabaseball.com/Record/Player/HitterDetail/Total.aspx?playerId=68362","-","2","0","0","1","0","0","0","0","0","0","1","0","0","0","0","0","-","-","0",""
"2024","68407","KBO-68407","삼성 라이온즈","공민규","IF","삼성","1","https://www.koreabaseball.com/Record/Player/HitterDetail/Total.aspx?playerId=68407","0.071","12","17","14","1","1","0","0","1","4","2","0","0","1","2","9","1","0.286","0.235","1","0.521"
"2024","68463","KBO-68463","삼성 라이온즈","윤정빈","OF","삼성","1","https://www.koreabaseball.com/Record/Player/HitterDetail/Total.aspx?playerId=68463","0.286","69","188","161","26","46","4","1","7","73","20","1","3","22","3","47","1","0.453","0.378","0","0.831"
"2024","68504","KBO-68504","KT 위즈","이호연","IF","KT","1","https://www.koreabaseball.com/Record/Player/HitterDetail/Total.aspx?playerId=68504","0.146","27","43","41","3","6","1","0","0","7","0","0","0","1","0","12","2","0.171","0.167","0","0.338"
"2024","68507","KBO-68507","롯데 자이언츠","장두성","OF","롯데","1","https://www.koreabaseball.com/Record/Player/HitterDetail/Total.aspx?playerId=68507","0.156","71","37","32","23","5","0","0","0","5","1","14","3","3","2","9","2","0.156","0.270","1","0.426"
"2024","68518","KBO-68518","롯데 자이언츠","정보근","C","롯데","1","https://www.koreabaseball.com/Record/Player/HitterDetail/Total.aspx?playerId=68518","0.226","89","140","133","9","30","0","1","2","38","7","0","0","3","0","31","5","0.286","0.243","4","0.529"
"2024","68646","KBO-68646","KIA 타이거즈","한준수","C","KIA","1","https://www.koreabaseball.com/Record/Player/HitterDetail/Total.aspx?playerId=68646","0.307","115","316","287","39","88","22","0","7","131","41","0","0","21","2","48","7","0.456","0.351","4","0.807"
"2024","68700","KBO-68700","한화 이글스","이원석","OF","한화","1","https://www.koreabaseball.com/Record/Player/HitterDetail/Total.aspx?playerId=68700","0.233","87","154","133","26","31","4","1","0","37","13","8","2","16","2","32","3","0.278","0.322","1","0.600"
"2024","68868","KBO-68868","SSG 랜더스","최준우","IF","SSG","1","https://www.koreabaseball.com/Record/Player/HitterDetail/Total.aspx?playerId=68868","0.240","18","34","25","2","6","2","0","0","8","5","0","0","9","0","8","0","0.320","0.441","2","0.761"
"2024","68904","KBO-68904","NC 다이노스","오영수","IF","NC","1","https://www.koreabaseball.com/Record/Player/HitterDetail/Total.aspx?playerId=68904","0.200","20","34","30","4","6","0","0","3","15","5","0","0","2","1","6","0","0.500","0.265","0","0.765"
"2024","68912","KBO-68912","NC 다이노스","김형준","C","NC","1","https://www.koreabaseball.com/Record/Player/HitterDetail/Total.aspx?playerId=68912","0.195","119","414","354","39","69","12","0","17","132","50","0","0","45","2","144","6","0.373","0.285","12","0.658"
"2024","69056","KBO-69056","KT 위즈","박민석","IF","KT","1","https://www.koreabaseball.com/Record/Player/HitterDetail/Total.aspx?playerId=69056","0.214","20","14","14","6","3","0","0","0","3","0","0","1","0","0","7","0","0.214","0.214","3","0.428"
"2024","69064","KBO-69064","KT 위즈","강민성","IF","KT","1","https://www.koreabaseball.com/Record/Player/HitterDetail/Total.aspx?playerId=69064","0.000","1","1","1","0","0","0","0","0","0","0","0","0","0","0","0","0","0.000","0.000","0","0.000"
"2024","69100","KBO-69100","LG 트윈스","구본혁","IF","LG","1","https://www.koreabaseball.com/Record/Player/HitterDetail/Total.aspx?playerId=69100","0.257","133","389","339","48","87","14","2","2","111","43","8","4","38","4","51","7","0.327","0.335","10","0.662"
"2024","69102","KBO-69102","LG 트윈스","문보경","IF","LG","1","https://www.koreabaseball.com/Record/Player/HitterDetail/Total.aspx?playerId=69102","0.301","144","602","519","80","156","35","3","22","263","101","7","6","65","2","112","14","0.507","0.372","13","0.879"
"2024","69105","KBO-69105","LG 트윈스","김성진","IF","LG","1","https://www.koreabaseball.com/Record/Player/HitterDetail/Total.aspx?playerId=69105","0.267","14","16","15","1","4","0","0","1","7","2","0","0","1","0","4","1","0.467","0.313","0","0.780"
"2024","69203","KBO-69203","NC 다이노스","송승환","OF","NC","1","https://www.koreabaseball.com/Record/Player/HitterDetail/Total.aspx?playerId=69203","0.200","3","5","5","1","1","0","0","0","1","0","0","0","0","0","1","0","0.200","0.200","0","0.400"
"2024","69207","KBO-69207","삼성 라이온즈","김태근","OF","두산","1","https://www.koreabaseball.com/Record/Player/HitterDetail/Total.aspx?playerId=69207","0.087","43","27","23","7","2","0","0","0","2","1","0","1","0","3","10","0","0.087","0.192","0","0.279"
"2024","69238","KBO-69238","두산 베어스","김대한","OF","두산","1","https://www.koreabaseball.com/Record/Player/HitterDetail/Total.aspx?playerId=69238","0.133","61","89","75","10","10","1","0","1","14","7","1","1","8","2","26","1","0.187","0.230","1","0.417"
"2024","69332","KBO-69332","키움 히어로즈","주성원","OF","키움","1","https://www.koreabaseball.com/Record/Player/HitterDetail/Total.aspx?playerId=69332","0.200","27","62","55","7","11","1","0","1","15","5","0","0","6","0","18","2","0.273","0.279","2","0.552"
"2024","69403","KBO-69403","삼성 라이온즈","양우현","IF","삼성","1","https://www.koreabaseball.com/Record/Player/HitterDetail/Total.aspx?playerId=69403","0.000","7","15","13","0","0","0","0","0","0","1","0","0","1","0","6","1","0.000","0.071","0","0.071"
"2024","69416","KBO-69416","삼성 라이온즈","이해승","IF","","0","https://www.koreabaseball.com/Record/Player/HitterDetail/Total.aspx?playerId=69416","","","","","","","","","","","","","","","","","","","","",""
"2024","69418","KBO-69418","삼성 라이온즈","박승규","OF","","0","https://www.koreabaseball.com/Record/Player/HitterDetail/Total.aspx?playerId=69418","","","","","","","","","","","","","","","","","","","","",""
"2024","69428","KBO-69428","삼성 라이온즈","이병헌","C","삼성","1","https://www.koreabaseball.com/Record/Player/HitterDetail/Total.aspx?playerId=69428","0.248","95","166","145","9","36","4","0","1","43","9","0","0","17","2","48","0","0.297","0.335","3","0.632"
"2024","69442","KBO-69442","삼성 라이온즈","김도환","C","삼성","1","https://www.koreabaseball.com/Record/Player/HitterDetail/Total.aspx?playerId=69442","0.000","1","3","3","0","0","0","0","0","0","0","0","0","0","0","1","0","0.000","0.000","0","0.000"
"2024","69508","KBO-69508","롯데 자이언츠","신윤후","IF","롯데","1","https://www.koreabaseball.com/Record/Player/HitterDetail/Total.aspx?playerId=69508","0.161","39","35","31","5","5","0","0","0","5","1","0","0","1","2","8","1","0.161","0.235","0","0.396"
"2024","69517","KBO-69517","롯데 자이언츠","고승민","IF","롯데","1","https://www.koreabaseball.com/Record/Player/HitterDetail/Total.aspx?playerId=69517","0.308","120","532","481","79","148","27","6","14","229","87","5","4","41","1","78","10","0.476","0.358","13","0.834"
"2024","69636","KBO-69636","KIA 타이거즈","오선우","IF","KIA","1","https://www.koreabaseball.com/Record/Player/HitterDetail/Total.aspx?playerId=69636","0.286","3","7","7","0","2","0","0","0","2","1","0","0","0","0","3","0","0.286","0.286","1","0.572"
"2024","69727","KBO-69727","KIA 타이거즈","변우혁","IF","KIA","1","https://www.koreabaseball.com/Record/Player/HitterDetail/Total.aspx?playerId=69727","0.304","69","187","168","22","51","9","2","5","79","21","1","0","16","2","48","8","0.470","0.369","3","0.839"
"2024","69737","KBO-69737","한화 이글스","노시환","IF","한화","1","https://www.koreabaseball.com/Record/Player/HitterDetail/Total.aspx?playerId=69737","0.272","136","601","526","88","143","20","2","24","239","89","6","0","60","11","129","10","0.454","0.356","9","0.810"
"2024","69766","KBO-69766","한화 이글스","유로결","OF","한화","1","https://www.koreabaseball.com/Record/Player/HitterDetail/Total.aspx?playerId=69766","0.222","23","39","36","6","8","1","0","0","9","4","0","1","3","0","11","4","0.250","0.282","0","0.532"
"2024","69804","KBO-69804","SSG 랜더스","채현우","OF","SSG","1","https://www.koreabaseball.com/Record/Player/HitterDetail/Total.aspx?playerId=69804","-","1","0","0","0","0","0","0","0","0","0","0","0","0","0","0","0","-","-","0",""
"2024","69813","KBO-69813","SSG 랜더스","하재훈","OF","SSG","1","https://www.koreabaseball.com/Record/Player/HitterDetail/Total.aspx?playerId=69813","0.248","107","317","290","40","72","19","0","10","121","36","15","2","18","2","90","5","0.417","0.292","7","0.709"
"2024","69825","KBO-69825","SSG 랜더스","김창평","OF","SSG","1","https://www.koreabaseball.com/Record/Player/HitterDetail/Total.aspx?playerId=69825","0.000","6","9","7","1","0","0","0","0","0","0","1","0","2","0","4","0","0.000","0.222","0","0.222"
"2024","69980","KBO-69980","NC 다이노스","김범준","OF","NC","1","https://www.koreabaseball.com/Record/Player/HitterDetail/Total.aspx?playerId=69980","0.000","5","5","5","0","0","0","0","0","0","0","0","0","0","0","2","1","0.000","0.000","0","0.000"
"2024","69992","KBO-69992","NC 다이노스","최정원","IF","NC","1","https://www.koreabaseball.com/Record/Player/HitterDetail/Total.aspx?playerId=69992","0.282","65","155","131","33","37","5","0","1","45","14","7","3","17","4","34","1","0.344","0.377","3","0.721"
"2024","69995","KBO-69995","NC 다이노스","서호철","IF","NC","1","https://www.koreabaseball.com/Record/Player/HitterDetail/Total.aspx?playerId=69995","0.285","141","567","512","68","146","19","3","10","201","61","1","3","30","16","101","15","0.393","0.342","14","0.735"
"2024","72443","KBO-72443","KIA 타이거즈","최형우","OF","KIA","1","https://www.koreabaseball.com/Record/Player/HitterDetail/Total.aspx?playerId=72443","0.280","116","487","425","67","119","23","2","22","212","109","1","1","52","5","86","5","0.499","0.361","2","0.860"
"2024","72457","KBO-72457","삼성 라이온즈","김민수","C","","0","https://www.koreabaseball.com/Record/Player/HitterDetail/Total.aspx?playerId=72457","","","","","","","","","","","","","","","","","","","","",""
"2024","74163","KBO-74163","키움 히어로즈","이용규","OF","키움","1","https://www.koreabaseball.com/Record/Player/HitterDetail/Total.aspx?playerId=74163","0.306","60","227","183","27","56","5","2","1","68","12","2","2","31","9","33","4","0.372","0.429","1","0.801"
"2024","74540","KBO-74540","삼성 라이온즈","강민호","C","삼성","1","https://www.koreabaseball.com/Record/Player/HitterDetail/Total.aspx?playerId=74540","0.303","136","452","403","48","122","19","1","19","200","77","3","0","35","8","52","17","0.496","0.365","2","0.861"
"2024","75125","KBO-75125","삼성 라이온즈","박병호","IF","삼성","1","https://www.koreabaseball.com/Record/Player/HitterDetail/Total.aspx?playerId=75125","0.231","120","406","350","52","81","7","0","23","157","70","4","0","47","7","121","13","0.449","0.333","4","0.782"
"2024","75334","KBO-75334","KT 위즈","오재일","IF","KT","1","https://www.koreabaseball.com/Record/Player/HitterDetail/Total.aspx?playerId=75334","0.243","105","343","296","33","72","18","1","11","125","45","0","0","36","2","88","7","0.422","0.321","3","0.743"
"2024","75566","KBO-75566","키움 히어로즈","이원석","IF","키움","1","https://www.koreabaseball.com/Record/Player/HitterDetail/Total.aspx?playerId=75566","0.220","39","109","91","5","20","4","0","0","24","8","0","0","14","2","18","2","0.264","0.330","2","0.594"
"2024","75847","KBO-75847","SSG 랜더스","최정","IF","SSG","1","https://www.koreabaseball.com/Record/Player/HitterDetail/Total.aspx?playerId=75847","0.291","129","550","468","93","136","27","2","37","278","107","5","1","55","20","114","10","0.594","0.384","13","0.978"
"2024","76232","KBO-76232","두산 베어스","양의지","C","두산","1","https://www.koreabaseball.com/Record/Player/HitterDetail/Total.aspx?playerId=76232","0.314","119","485","430","57","135","18","1","17","206","94","2","1","40","9","56","13","0.479","0.379","4","0.858"
"2024","76267","KBO-76267","키움 히어로즈","최주환","IF","키움","1","https://www.koreabaseball.com/Record/Player/HitterDetail/Total.aspx?playerId=76267","0.257","130","544","482","49","124","23","1","13","188","84","0","1","47","6","92","12","0.390","0.325","6","0.715"
"2024","76290","KBO-76290","LG 트윈스","김현수","OF","LG","1","https://www.koreabaseball.com/Record/Player/HitterDetail/Total.aspx?playerId=76290","0.294","137","583","517","61","152","36","2","8","216","69","6","1","47","9","76","10","0.418","0.357","0","0.775"
"2024","76313","KBO-76313","KT 위즈","황재균","IF","KT","1","https://www.koreabaseball.com/Record/Player/HitterDetail/Total.aspx?playerId=76313","0.260","137","536","493","60","128","22","0","13","189","58","4","6","34","2","95","16","0.383","0.309","14","0.692"
"2024","76802","KBO-76802","SSG 랜더스","김성현","IF","SSG","1","https://www.koreabaseball.com/Record/Player/HitterDetail/Total.aspx?playerId=76802","0.227","71","167","141","21","32","3","1","1","40","15","2","0","16","4","28","7","0.284","0.321","6","0.605"
"2024","76812","KBO-76812","한화 이글스","이재원","C","한화","1","https://www.koreabaseball.com/Record/Player/HitterDetail/Total.aspx?playerId=76812","0.239","72","152","134","10","32","4","0","1","39","16","0","0","7","4","21","4","0.291","0.287","1","0.578"
"2024","77532","KBO-77532","한화 이글스","손아섭","OF","NC","1","https://www.koreabaseball.com/Record/Player/HitterDetail/Total.aspx?playerId=77532","0.285","84","355","333","45","95","16","0","7","132","50","6","2","16","0","65","1","0.396","0.314","0","0.710"
"2024","77564","KBO-77564","롯데 자이언츠","김민성","IF","롯데","1","https://www.koreabaseball.com/Record/Player/HitterDetail/Total.aspx?playerId=77564","0.200","35","84","70","6","14","5","0","2","25","8","0","1","10","3","18","1","0.357","0.321","2","0.678"
"2024","78122","KBO-78122","KIA 타이거즈","김태군","C","KIA","1","https://www.koreabaseball.com/Record/Player/HitterDetail/Total.aspx?playerId=78122","0.264","105","270","235","24","62","7","0","7","90","34","0","0","12","11","24","14","0.383","0.328","6","0.711"
"2024","78135","KBO-78135","키움 히어로즈","이형종","OF","키움","1","https://www.koreabaseball.com/Record/Player/HitterDetail/Total.aspx?playerId=78135","0.216","35","126","102","19","22","3","0","4","37","19","1","0","22","1","27","1","0.363","0.360","1","0.723"
"2024","78168","KBO-78168","KIA 타이거즈","서건창","IF","KIA","1","https://www.koreabaseball.com/Record/Player/HitterDetail/Total.aspx?playerId=78168","0.310","94","248","203","40","63","14","1","1","82","26","3","1","36","3","31","2","0.404","0.416","5","0.820"
"2024","78224","KBO-78224","두산 베어스","김재환","OF","두산","1","https://www.koreabaseball.com/Record/Player/HitterDetail/Total.aspx?playerId=78224","0.283","136","552","474","78","134","28","0","29","249","92","1","1","63","6","168","8","0.525","0.368","0","0.893"
"2024","78288","KBO-78288","한화 이글스","최재훈","C","한화","1","https://www.koreabaseball.com/Record/Player/HitterDetail/Total.aspx?playerId=78288","0.257","116","348","280","34","72","10","0","4","94","37","0","0","33","21","58","10","0.336","0.371","5","0.707"
"2024","78513","KBO-78513","롯데 자이언츠","전준우","OF","롯데","1","https://www.koreabaseball.com/Record/Player/HitterDetail/Total.aspx?playerId=78513","0.293","109","483","423","57","124","26","2","17","205","82","3","1","49","5","84","11","0.485","0.369","1","0.854"
"2024","78548","KBO-78548","KT 위즈","장성우","C","KT","1","https://www.koreabaseball.com/Record/Player/HitterDetail/Total.aspx?playerId=78548","0.268","131","489","418","53","112","19","0","19","188","81","5","0","60","1","86","8","0.450","0.355","2","0.805"
"2024","78603","KBO-78603","KIA 타이거즈","김선빈","IF","KIA","1","https://www.koreabaseball.com/Record/Player/HitterDetail/Total.aspx?playerId=78603","0.329","116","466","423","48","139","23","0","9","189","57","5","1","30","5","39","13","0.447","0.380","10","0.827"
"2024","78756","KBO-78756","키움 히어로즈","오선진","IF","롯데","1","https://www.koreabaseball.com/Record/Player/HitterDetail/Total.aspx?playerId=78756","0.200","26","29","20","0","4","1","0","0","5","0","0","0","2","2","8","0","0.250","0.333","0","0.583"
"2024","79109","KBO-79109","LG 트윈스","오지환","IF","LG","1","https://www.koreabaseball.com/Record/Player/HitterDetail/Total.aspx?playerId=79109","0.254","108","428","370","67","94","24","2","10","152","59","17","4","51","4","106","8","0.411","0.350","12","0.761"
"2024","79192","KBO-79192","한화 이글스","채은성","IF","한화","1","https://www.koreabaseball.com/Record/Player/HitterDetail/Total.aspx?playerId=79192","0.271","124","498","436","61","118","24","0","20","202","83","1","1","49","8","83","12","0.463","0.351","7","0.814"
"2024","79215","KBO-79215","NC 다이노스","박건우","OF","NC","1","https://www.koreabaseball.com/Record/Player/HitterDetail/Total.aspx?playerId=79215","0.344","89","362","323","58","111","23","1","13","175","53","4","0","33","4","54","7","0.542","0.409","1","0.951"
"2024","79231","KBO-79231","두산 베어스","정수빈","OF","두산","1","https://www.koreabaseball.com/Record/Player/HitterDetail/Total.aspx?playerId=79231","0.284","136","608","510","95","145","21","3","4","184","47","52","13","71","9","72","8","0.361","0.376","1","0.737"
"2024","79240","KBO-79240","KT 위즈","허경민","IF","두산","1","https://www.koreabaseball.com/Record/Player/HitterDetail/Total.aspx?playerId=79240","0.309","115","477","417","69","129","28","0","7","178","61","5","1","36","18","25","8","0.427","0.384","5","0.811"
"2024","79365","KBO-79365","LG 트윈스","박동원","C","LG","1","https://www.koreabaseball.com/Record/Player/HitterDetail/Total.aspx?playerId=79365","0.272","130","498","434","58","118","22","0","20","200","80","1","0","55","0","112","14","0.461","0.349","4","0.810"
"2024","79402","KBO-79402","KT 위즈","김상수","IF","KT","1","https://www.koreabaseball.com/Record/Player/HitterDetail/Total.aspx?playerId=79402","0.276","113","420","369","60","102","18","4","4","140","45","3","2","37","6","59","12","0.379","0.351","14","0.730"
"2024","79456","KBO-79456","SSG 랜더스","이지영","C","SSG","1","https://www.koreabaseball.com/Record/Player/HitterDetail/Total.aspx?playerId=79456","0.279","123","432","398","45","111","11","1","5","139","50","8","1","18","7","35","10","0.349","0.320","7","0.669"
"2024","79608","KBO-79608","한화 이글스","안치홍","IF","한화","1","https://www.koreabaseball.com/Record/Player/HitterDetail/Total.aspx?playerId=79608","0.300","128","533","473","64","142","21","0","13","202","66","3","2","49","6","70","10","0.427","0.370","6","0.797"
