kbo_player_id,team,player_name,position_group,source_level,sample,seasons,contact,power,plate_discipline,bat_control,timing,bunt,speed,baserunning_judgment,fielding_range,catching,throwing_power,throwing_accuracy,fielding_judgment,composure,leadership,aggressiveness,pitcher_velocity,pitcher_stuff,pitcher_command,pitcher_movement,pitcher_stamina,pitcher_pitchability,pitcher_strikeout,pitcher_walk_control,pitcher_composure,pitch_four_seam,pitch_sinker,pitch_cutter,pitch_changeup,pitch_slider,pitch_curve,pitch_splitter,pitch_sweeper,pitch_knuckleball,formula_version
78122,KIA 타이거즈,김태군,C,KBO_2024_2025,544,2024+2025,13,13,10,14,13,1,8,7,12,11,14,9,13,13,14,11,,,,,,,,,,,,,,,,,,,kbo-player-abilities-2024-2025-v1
66354,KIA 타이거즈,주효상,C,KBO_2024_2025,17,2025,12,11,11,11,11,1,11,11,11,11,11,10,11,11,9,11,,,,,,,,,,,,,,,,,,,kbo-player-abilities-2024-2025-v1
63722,KIA 타이거즈,한승택,C,KBO_2024_2025,38,2024+2025,10,9,10,10,10,1,10,10,11,11,11,12,11,10,10,10,,,,,,,,,,,,,,,,,,,kbo-player-abilities-2024-2025-v1
68646,KIA 타이거즈,한준수,C,KBO_2024_2025,592,2024+2025,12,14,13,13,13,1,9,8,12,12,12,11,12,12,10,11,,,,,,,,,,,,,,,,,,,kbo-player-abilities-2024-2025-v1
66614,KIA 타이거즈,김규성,IF,KBO_2024_2025,237,2024+2025,11,10,13,11,11,1,13,13,12,9,10,8,11,12,10,11,,,,,,,,,,,,,,,,,,,kbo-player-abilities-2024-2025-v1
52605,KIA 타이거즈,김도영,IF,KBO_2024_2025,747,2024+2025,16,17,12,13,14,1,13,14,11,10,11,10,11,13,8,13,,,,,,,,,,,,,,,,,,,kbo-player-abilities-2024-2025-v1
78603,KIA 타이거즈,김선빈,IF,KBO_2024_2025,774,2024+2025,17,13,13,15,16,1,12,14,8,8,10,9,9,14,14,11,,,,,,,,,,,,,,,,,,,kbo-player-abilities-2024-2025-v1
50657,KIA 타이거즈,박민,IF,KBO_2024_2025,135,2024+2025,9,10,8,9,10,1,12,12,12,13,14,13,11,10,8,12,,,,,,,,,,,,,,,,,,,kbo-player-abilities-2024-2025-v1
64646,KIA 타이거즈,박찬호,IF,KBO_2024_2025,1172,2024+2025,16,11,14,16,16,1,15,14,15,13,16,12,14,14,12,11,,,,,,,,,,,,,,,,,,,kbo-player-abilities-2024-2025-v1
69727,KIA 타이거즈,변우혁,IF,KBO_2024_2025,340,2024+2025,10,9,9,9,9,1,9,10,12,13,11,12,11,10,8,10,,,,,,,,,,,,,,,,,,,kbo-player-abilities-2024-2025-v1
78168,KIA 타이거즈,서건창,IF,KBO_2024_2025,274,2024+2025,12,12,13,13,12,1,12,13,12,12,11,12,12,11,12,11,,,,,,,,,,,,,,,,,,,kbo-player-abilities-2024-2025-v1
69636,KIA 타이거즈,오선우,IF,KBO_2024_2025,481,2024+2025,12,16,9,9,11,1,9,9,8,9,9,10,8,10,11,12,,,,,,,,,,,,,,,,,,,kbo-player-abilities-2024-2025-v1
55645,KIA 타이거즈,위즈덤,IF,KBO_2024_2025,486,2025,9,17,13,9,10,1,12,13,10,8,13,8,10,11,13,13,,,,,,,,,,,,,,,,,,,kbo-player-abilities-2024-2025-v1
52667,KIA 타이거즈,윤도현,IF,KBO_2024_2025,187,2024+2025,13,15,9,12,13,1,13,12,9,8,9,8,8,11,7,13,,,,,,,,,,,,,,,,,,,kbo-player-abilities-2024-2025-v1
53659,KIA 타이거즈,정해원,IF,KBO_2024_2025,46,2025,8,9,11,9,9,1,10,10,12,11,10,10,11,11,7,10,,,,,,,,,,,,,,,,,,,kbo-player-abilities-2024-2025-v1
55926,KIA 타이거즈,정현창,IF,KBO_2024_2025,21,2025,10,9,10,11,11,1,11,11,11,11,11,12,11,11,6,10,,,,,,,,,,,,,,,,,,,kbo-player-abilities-2024-2025-v1
65464,KIA 타이거즈,최정용,IF,KBO_2024_2025,18,2024+2025,11,11,11,11,11,1,11,11,11,11,11,11,11,11,10,11,,,,,,,,,,,,,,,,,,,kbo-player-abilities-2024-2025-v1
65610,KIA 타이거즈,황대인,IF,KBO_2024_2025,64,2024+2025,9,11,9,10,10,1,10,10,11,11,11,11,11,10,10,11,,,,,,,,,,,,,,,,,,,kbo-player-abilities-2024-2025-v1
61353,KIA 타이거즈,고종욱,OF,KBO_2024_2025,159,2024+2025,14,12,10,13,13,1,12,12,12,12,12,12,12,11,12,12,,,,,,,,,,,,,,,,,,,kbo-player-abilities-2024-2025-v1
67610,KIA 타이거즈,김석환,OF,KBO_2024_2025,134,2025,11,11,12,11,11,1,10,9,12,12,10,13,12,11,9,11,,,,,,,,,,,,,,,,,,,kbo-player-abilities-2024-2025-v1
65653,KIA 타이거즈,김호령,OF,KBO_2024_2025,448,2024+2025,14,14,12,11,12,1,14,14,12,9,14,8,11,12,12,13,,,,,,,,,,,,,,,,,,,kbo-player-abilities-2024-2025-v1
62947,KIA 타이거즈,나성범,OF,KBO_2024_2025,734,2024+2025,13,16,15,11,12,1,8,8,8,11,14,13,11,13,14,11,,,,,,,,,,,,,,,,,,,kbo-player-abilities-2024-2025-v1
55636,KIA 타이거즈,박재현,OF,KBO_2024_2025,69,2025,8,8,10,8,8,1,12,12,10,9,11,9,9,10,6,11,,,,,,,,,,,,,,,,,,,kbo-player-abilities-2024-2025-v1
67609,KIA 타이거즈,박정우,OF,KBO_2024_2025,144,2024+2025,13,9,13,12,13,1,11,12,10,11,9,13,11,12,9,10,,,,,,,,,,,,,,,,,,,kbo-player-abilities-2024-2025-v1
55637,KIA 타이거즈,박헌,OF,KBO_2024_2025,14,2025,10,10,10,11,11,1,11,11,11,11,11,11,11,11,6,10,,,,,,,,,,,,,,,,,,,kbo-player-abilities-2024-2025-v1
64560,KIA 타이거즈,이창진,OF,KBO_2024_2025,360,2024+2025,10,9,15,11,10,1,11,11,12,11,10,10,11,12,11,10,,,,,,,,,,,,,,,,,,,kbo-player-abilities-2024-2025-v1
72443,KIA 타이거즈,최형우,OF,KBO_2024_2025,1036,2024+2025,16,18,16,15,16,1,11,12,11,11,11,11,11,15,15,13,,,,,,,,,,,,,,,,,,,kbo-player-abilities-2024-2025-v1
53609,KIA 타이거즈,곽도규,P,KBO_2024_2025,270,2024+2025,,,,,,,,,,,,,,,,,10,13,9,13,9,11,14,7,10,,10,,,,10,,,,kbo-player-abilities-2024-2025-v1
76225,KIA 타이거즈,김건국,P,KBO_2024_2025,381,2024+2025,,,,,,,,,,,,,,,,,10,7,11,6,12,9,7,14,7,10,10,10,,,10,10,,,kbo-player-abilities-2024-2025-v1
69620,KIA 타이거즈,김기훈,P,KBO_2024_2025,212,2024+2025,,,,,,,,,,,,,,,,,10,13,12,14,11,13,14,12,14,10,,,10,10,,,,,kbo-player-abilities-2024-2025-v1
60337,KIA 타이거즈,김대유,P,KBO_2024_2025,164,2024+2025,,,,,,,,,,,,,,,,,6,9,11,9,9,9,8,11,8,10,,,10,10,10,,,,kbo-player-abilities-2024-2025-v1
69745,KIA 타이거즈,김도현,P,KBO_2024_2025,906,2024+2025,,,,,,,,,,,,,,,,,12,9,14,11,16,12,5,16,12,10,10,,10,10,11,,,,kbo-player-abilities-2024-2025-v1
54645,KIA 타이거즈,김민주,P,KBO_2024_2025,25,2024+2025,,,,,,,,,,,,,,,,,8,11,11,11,10,11,11,11,10,10,,,10,,,,,,kbo-player-abilities-2024-2025-v1
63894,KIA 타이거즈,김사윤,P,KBO_2024_2025,173,2024,,,,,,,,,,,,,,,,,8,11,9,11,11,10,11,9,10,,,,,,,,,,kbo-player-abilities-2024-2025-v1
66492,KIA 타이거즈,김승현,P,KBO_2024_2025,85,2024,,,,,,,,,,,,,,,,,8,9,7,10,10,8,7,8,7,,,,,,,,,,kbo-player-abilities-2024-2025-v1
68928,KIA 타이거즈,김시훈,P,KBO_2024_2025,595,2024+2025,,,,,,,,,,,,,,,,,9,9,10,8,12,9,8,11,8,10,,,,10,10,10,,,kbo-player-abilities-2024-2025-v1
55646,KIA 타이거즈,김정엽,P,KBO_2024_2025,5,2025,,,,,,,,,,,,,,,,,12,11,11,11,10,11,11,11,11,10,,,,,,,,,kbo-player-abilities-2024-2025-v1
55610,KIA 타이거즈,김태형,P,KBO_2024_2025,107,2025,,,,,,,,,,,,,,,,,13,9,12,9,12,11,8,14,11,10,,,,10,10,10,,,kbo-player-abilities-2024-2025-v1
69516,KIA 타이거즈,김현수,P,KBO_2024_2025,114,2024+2025,,,,,,,,,,,,,,,,,10,9,9,10,10,9,8,8,11,10,,,10,10,10,,,,kbo-player-abilities-2024-2025-v1
54640,KIA 타이거즈,네일,P,KBO_2024_2025,1306,2024+2025,,,,,,,,,,,,,,,,,13,15,16,16,18,17,16,17,18,10,10,9,10,11,10,,10,,kbo-player-abilities-2024-2025-v1
63638,KIA 타이거즈,박준표,P,KBO_2024_2025,29,2024,,,,,,,,,,,,,,,,,8,7,11,7,9,9,7,12,9,,,,,,,,,,kbo-player-abilities-2024-2025-v1
54610,KIA 타이거즈,성영탁,P,KBO_2024_2025,198,2025,,,,,,,,,,,,,,,,,8,12,14,14,11,13,8,15,16,,10,10,,,10,,,,kbo-player-abilities-2024-2025-v1
55659,KIA 타이거즈,양수호,P,FUTURES_2024_2025,35,2025,,,,,,,,,,,,,,,,,8,10,9,8,8,10,11,8,10,,,,,,,,,,kbo-player-abilities-2024-2025-v1
77637,KIA 타이거즈,양현종,P,KBO_2024_2025,1404,2024+2025,,,,,,,,,,,,,,,,,8,11,14,11,18,12,8,15,12,10,,,10,10,10,,,,kbo-player-abilities-2024-2025-v1
55633,KIA 타이거즈,올러,P,KBO_2024_2025,620,2025,,,,,,,,,,,,,,,,,14,16,15,16,17,17,17,15,16,11,11,,10,10,10,,10,,kbo-player-abilities-2024-2025-v1
67640,KIA 타이거즈,유승철,P,KBO_2024_2025,34,2024+2025,,,,,,,,,,,,,,,,,10,11,10,12,11,11,12,10,11,10,,,,10,,,,,kbo-player-abilities-2024-2025-v1
50604,KIA 타이거즈,유지성,P,KBO_2024_2025,17,2024+2025,,,,,,,,,,,,,,,,,10,11,11,11,10,12,11,12,12,,,,,,,,,,kbo-player-abilities-2024-2025-v1
53613,KIA 타이거즈,윤영철,P,KBO_2024_2025,589,2024+2025,,,,,,,,,,,,,,,,,6,11,9,12,15,10,11,7,10,10,,10,10,10,10,,,,kbo-player-abilities-2024-2025-v1
68619,KIA 타이거즈,윤중현,P,KBO_2024_2025,110,2024+2025,,,,,,,,,,,,,,,,,9,9,10,8,10,9,9,9,10,10,,,,,10,10,,,kbo-player-abilities-2024-2025-v1
53615,KIA 타이거즈,이도현,P,KBO_2024_2025,65,2025,,,,,,,,,,,,,,,,,10,10,10,11,11,9,9,10,9,10,,,10,,10,,,,kbo-player-abilities-2024-2025-v1
55632,KIA 타이거즈,이성원,P,KBO_2024_2025,19,2025,,,,,,,,,,,,,,,,,12,11,10,11,10,10,11,10,9,10,,,,,,10,,,kbo-player-abilities-2024-2025-v1
51648,KIA 타이거즈,이의리,P,KBO_2024_2025,262,2024+2025,,,,,,,,,,,,,,,,,13,11,8,9,14,9,14,6,7,10,,,10,11,10,,,,kbo-player-abilities-2024-2025-v1
65665,KIA 타이거즈,이준영,P,KBO_2024_2025,305,2024+2025,,,,,,,,,,,,,,,,,10,12,12,9,9,13,15,13,12,9,,,,10,,,,,kbo-player-abilities-2024-2025-v1
62951,KIA 타이거즈,이형범,P,KBO_2024_2025,139,2024+2025,,,,,,,,,,,,,,,,,10,10,11,11,10,10,8,12,8,10,10,,10,10,,,,,kbo-player-abilities-2024-2025-v1
55663,KIA 타이거즈,이호민,P,KBO_2024_2025,72,2025,,,,,,,,,,,,,,,,,8,10,10,12,10,9,7,9,8,9,,,10,10,10,,,,kbo-player-abilities-2024-2025-v1
62754,KIA 타이거즈,임기영,P,KBO_2024_2025,270,2024+2025,,,,,,,,,,,,,,,,,7,9,11,7,10,9,8,13,7,10,,,10,10,10,,,,kbo-player-abilities-2024-2025-v1
50641,KIA 타이거즈,장재혁,P,KBO_2024_2025,20,2024+2025,,,,,,,,,,,,,,,,,11,10,10,10,10,11,11,10,11,10,,,,10,,,,,kbo-player-abilities-2024-2025-v1
66609,KIA 타이거즈,전상현,P,KBO_2024_2025,562,2024+2025,,,,,,,,,,,,,,,,,10,13,15,14,11,14,10,15,16,10,,,,10,10,10,,,kbo-player-abilities-2024-2025-v1
50662,KIA 타이거즈,정해영,P,KBO_2024_2025,485,2024+2025,,,,,,,,,,,,,,,,,13,14,14,12,11,16,16,15,14,10,,,,10,,10,,,kbo-player-abilities-2024-2025-v1
63342,KIA 타이거즈,조상우,P,KBO_2024_2025,442,2024+2025,,,,,,,,,,,,,,,,,11,13,12,12,10,12,14,11,13,10,10,,,10,,10,,,kbo-player-abilities-2024-2025-v1
52639,KIA 타이거즈,최지민,P,KBO_2024_2025,478,2024+2025,,,,,,,,,,,,,,,,,12,9,7,11,9,6,8,5,7,9,,,10,10,,,,,kbo-player-abilities-2024-2025-v1
51994,KIA 타이거즈,한재승,P,KBO_2024_2025,362,2024+2025,,,,,,,,,,,,,,,,,13,11,8,10,10,9,15,5,8,10,,,,10,,10,,,kbo-player-abilities-2024-2025-v1
52641,KIA 타이거즈,황동하,P,KBO_2024_2025,619,2024+2025,,,,,,,,,,,,,,,,,11,11,13,10,13,13,13,15,12,10,,,,10,10,10,,,kbo-player-abilities-2024-2025-v1
68050,KT 위즈,강백호,C,KBO_2024_2025,983,2024+2025,14,17,15,14,14,1,11,11,11,11,11,10,11,14,11,12,,,,,,,,,,,,,,,,,,,kbo-player-abilities-2024-2025-v1
50066,KT 위즈,강현우,C,KBO_2024_2025,114,2024+2025,9,10,13,11,10,1,10,10,12,11,12,9,10,11,8,10,,,,,,,,,,,,,,,,,,,kbo-player-abilities-2024-2025-v1
54097,KT 위즈,김민석,C,FUTURES_2024_2025,266,2024+2025,11,9,7,10,10,1,7,7,8,8,8,9,9,8,6,10,,,,,,,,,,,,,,,,,,,kbo-player-abilities-2024-2025-v1
78548,KT 위즈,장성우,C,KBO_2024_2025,969,2024+2025,12,15,15,12,12,1,10,11,10,10,9,10,10,13,15,10,,,,,,,,,,,,,,,,,,,kbo-player-abilities-2024-2025-v1
68089,KT 위즈,조대현,C,KBO_2024_2025,135,2024+2025,9,9,10,10,9,1,10,10,10,9,10,8,10,11,9,10,,,,,,,,,,,,,,,,,,,kbo-player-abilities-2024-2025-v1
69064,KT 위즈,강민성,IF,KBO_2024_2025,37,2024+2025,9,9,11,9,9,1,10,10,12,12,12,12,12,11,8,10,,,,,,,,,,,,,,,,,,,kbo-player-abilities-2024-2025-v1
51003,KT 위즈,권동진,IF,KBO_2024_2025,319,2024+2025,9,9,11,8,8,1,12,12,15,12,14,11,12,11,10,11,,,,,,,,,,,,,,,,,,,kbo-player-abilities-2024-2025-v1
79402,KT 위즈,김상수,IF,KBO_2024_2025,843,2024+2025,13,11,15,14,13,1,11,12,14,12,14,12,13,14,14,10,,,,,,,,,,,,,,,,,,,kbo-player-abilities-2024-2025-v1
64007,KT 위즈,문상철,IF,KBO_2024_2025,612,2024+2025,11,14,15,11,11,1,12,12,13,13,12,14,13,12,12,11,,,,,,,,,,,,,,,,,,,kbo-player-abilities-2024-2025-v1
69056,KT 위즈,박민석,IF,KBO_2024_2025,35,2024+2025,11,11,11,11,11,1,11,11,11,11,11,10,11,11,8,11,,,,,,,,,,,,,,,,,,,kbo-player-abilities-2024-2025-v1
55005,KT 위즈,오서진,IF,FUTURES_2024_2025,170,2025,11,9,7,10,10,1,9,10,9,8,8,8,9,8,5,10,,,,,,,,,,,,,,,,,,,kbo-player-abilities-2024-2025-v1
64504,KT 위즈,오윤석,IF,KBO_2024_2025,385,2024+2025,12,10,10,10,11,1,9,9,13,14,9,13,12,11,11,10,,,,,,,,,,,,,,,,,,,kbo-player-abilities-2024-2025-v1
75334,KT 위즈,오재일,IF,KBO_2024_2025,343,2024,9,12,10,9,9,1,8,8,9,9,9,9,9,8,11,9,,,,,,,,,,,,,,,,,,,kbo-player-abilities-2024-2025-v1
50092,KT 위즈,윤준혁,IF,KBO_2024_2025,36,2024+2025,9,10,9,10,9,1,12,12,11,11,12,11,11,11,8,11,,,,,,,,,,,,,,,,,,,kbo-player-abilities-2024-2025-v1
68504,KT 위즈,이호연,IF,KBO_2024_2025,118,2024+2025,13,12,9,12,12,1,9,9,10,10,11,10,10,11,10,11,,,,,,,,,,,,,,,,,,,kbo-player-abilities-2024-2025-v1
64115,KT 위즈,장준원,IF,KBO_2024_2025,172,2024+2025,9,8,9,9,9,1,9,9,11,14,13,14,11,10,10,10,,,,,,,,,,,,,,,,,,,kbo-player-abilities-2024-2025-v1
79240,KT 위즈,허경민,IF,KBO_2024_2025,958,2024+2025,16,11,13,15,15,1,12,13,8,10,9,13,9,13,14,11,,,,,,,,,,,,,,,,,,,kbo-player-abilities-2024-2025-v1
76313,KT 위즈,황재균,IF,KBO_2024_2025,960,2024+2025,13,13,10,13,13,1,11,11,10,10,12,10,10,13,15,11,,,,,,,,,,,,,,,,,,,kbo-player-abilities-2024-2025-v1
51005,KT 위즈,김건형,OF,KBO_2024_2025,26,2024+2025,10,11,10,11,11,1,11,10,11,11,11,11,11,11,10,11,,,,,,,,,,,,,,,,,,,kbo-player-abilities-2024-2025-v1
64004,KT 위즈,김민혁,OF,KBO_2024_2025,810,2024+2025,16,9,11,15,15,1,13,13,9,9,11,9,9,12,12,11,,,,,,,,,,,,,,,,,,,kbo-player-abilities-2024-2025-v1
52002,KT 위즈,김병준,OF,KBO_2024_2025,21,2024+2025,11,10,11,11,11,1,11,11,11,11,11,11,11,11,7,11,,,,,,,,,,,,,,,,,,,kbo-player-abilities-2024-2025-v1
55004,KT 위즈,박민석,OF,FUTURES_2024_2025,97,2025,7,7,8,7,8,1,9,9,9,9,9,9,9,8,5,9,,,,,,,,,,,,,,,,,,,kbo-player-abilities-2024-2025-v1
64166,KT 위즈,배정대,OF,KBO_2024_2025,749,2024+2025,10,11,10,10,9,1,13,12,10,11,11,12,10,10,11,12,,,,,,,,,,,,,,,,,,,kbo-player-abilities-2024-2025-v1
64012,KT 위즈,송민섭,OF,KBO_2024_2025,20,2024,10,9,10,10,10,1,10,10,9,9,8,9,9,8,10,9,,,,,,,,,,,,,,,,,,,kbo-player-abilities-2024-2025-v1
55013,KT 위즈,스티븐슨,OF,KBO_2024_2025,168,2025,12,13,11,11,11,1,12,12,10,9,11,9,10,11,10,11,,,,,,,,,,,,,,,,,,,kbo-player-abilities-2024-2025-v1
67006,KT 위즈,안치영,OF,KBO_2024_2025,104,2024+2025,11,10,10,11,11,1,11,11,12,12,10,12,11,11,9,11,,,,,,,,,,,,,,,,,,,kbo-player-abilities-2024-2025-v1
52001,KT 위즈,안현민,OF,KBO_2024_2025,511,2024+2025,17,17,17,16,16,1,13,13,13,9,14,6,12,15,9,12,,,,,,,,,,,,,,,,,,,kbo-player-abilities-2024-2025-v1
51013,KT 위즈,유준규,OF,KBO_2024_2025,41,2025,9,10,12,9,9,1,12,12,11,11,12,12,11,11,8,10,,,,,,,,,,,,,,,,,,,kbo-player-abilities-2024-2025-v1
67644,KT 위즈,이정훈,OF,KBO_2024_2025,264,2024+2025,11,12,12,9,10,1,9,10,11,11,10,11,10,11,10,11,,,,,,,,,,,,,,,,,,,kbo-player-abilities-2024-2025-v1
66706,KT 위즈,장진혁,OF,KBO_2024_2025,484,2024+2025,9,13,10,10,9,1,13,13,13,11,13,10,13,11,11,12,,,,,,,,,,,,,,,,,,,kbo-player-abilities-2024-2025-v1
51007,KT 위즈,최성민,OF,KBO_2024_2025,21,2025,10,9,10,10,10,1,11,11,11,11,11,10,11,11,8,11,,,,,,,,,,,,,,,,,,,kbo-player-abilities-2024-2025-v1
53006,KT 위즈,강건,P,KBO_2024_2025,50,2024+2025,,,,,,,,,,,,,,,,,10,9,9,8,11,7,8,7,7,10,,,,10,10,,,,kbo-player-abilities-2024-2025-v1
64001,KT 위즈,고영표,P,KBO_2024_2025,1141,2024+2025,,,,,,,,,,,,,,,,,5,14,16,15,18,17,15,18,16,10,11,10,11,10,10,,,,kbo-player-abilities-2024-2025-v1
55040,KT 위즈,김동현,P,KBO_2024_2025,19,2025,,,,,,,,,,,,,,,,,12,10,10,9,10,10,12,11,9,10,,,,,,10,,,kbo-player-abilities-2024-2025-v1
65048,KT 위즈,김민수,P,KBO_2024_2025,588,2024+2025,,,,,,,,,,,,,,,,,9,11,13,10,11,13,9,15,12,10,,10,10,10,,,,,kbo-player-abilities-2024-2025-v1
55043,KT 위즈,김재원,P,KBO_2024_2025,24,2025,,,,,,,,,,,,,,,,,11,11,9,11,10,10,11,7,9,10,,,,10,,,,,kbo-player-abilities-2024-2025-v1
51299,KT 위즈,김주완,P,FUTURES_2024_2025,105,2024+2025,,,,,,,,,,,,,,,,,8,8,9,8,7,8,9,9,8,,,,,,,,,,kbo-player-abilities-2024-2025-v1
67419,KT 위즈,문용익,P,KBO_2024_2025,220,2024+2025,,,,,,,,,,,,,,,,,12,12,9,11,12,11,15,6,11,10,,,,,10,11,,,kbo-player-abilities-2024-2025-v1
55046,KT 위즈,박건우,P,KBO_2024_2025,28,2025,,,,,,,,,,,,,,,,,10,12,11,11,10,12,14,11,13,10,,,,10,10,,,,kbo-player-abilities-2024-2025-v1
52060,KT 위즈,박영현,P,KBO_2024_2025,615,2024+2025,,,,,,,,,,,,,,,,,13,14,12,10,11,14,17,10,14,12,,10,10,11,,,,,kbo-player-abilities-2024-2025-v1
65516,KT 위즈,배제성,P,KBO_2024_2025,127,2025,,,,,,,,,,,,,,,,,12,11,12,11,12,12,11,13,10,11,,,10,10,,,,,kbo-player-abilities-2024-2025-v1
50109,KT 위즈,성재헌,P,KBO_2024_2025,159,2024,,,,,,,,,,,,,,,,,8,8,10,9,10,9,7,12,7,,,,,,,,,,kbo-player-abilities-2024-2025-v1
50030,KT 위즈,소형준,P,KBO_2024_2025,647,2024+2025,,,,,,,,,,,,,,,,,10,13,16,15,17,16,13,17,16,,11,10,10,,10,,,,kbo-player-abilities-2024-2025-v1
69041,KT 위즈,손동현,P,KBO_2024_2025,471,2024+2025,,,,,,,,,,,,,,,,,11,12,14,11,11,14,13,16,14,10,,,,,10,10,,,kbo-player-abilities-2024-2025-v1
50859,KT 위즈,오원석,P,KBO_2024_2025,1115,2024+2025,,,,,,,,,,,,,,,,,10,13,12,12,17,13,13,12,14,11,,,11,10,10,,,,kbo-player-abilities-2024-2025-v1
73117,KT 위즈,우규민,P,KBO_2024_2025,366,2024+2025,,,,,,,,,,,,,,,,,5,12,15,14,10,14,7,17,16,10,,10,10,10,10,,,,kbo-player-abilities-2024-2025-v1
54063,KT 위즈,원상현,P,KBO_2024_2025,583,2024+2025,,,,,,,,,,,,,,,,,12,9,9,9,12,9,10,7,9,10,10,,10,,10,,,,kbo-player-abilities-2024-2025-v1
69054,KT 위즈,이상동,P,KBO_2024_2025,320,2024+2025,,,,,,,,,,,,,,,,,12,13,14,12,11,15,13,16,15,11,,,,10,,10,,,kbo-player-abilities-2024-2025-v1
69068,KT 위즈,이선우,P,KBO_2024_2025,45,2024,,,,,,,,,,,,,,,,,8,10,10,11,10,10,9,10,10,,,,,,,,,,kbo-player-abilities-2024-2025-v1
67048,KT 위즈,이정현,P,KBO_2024_2025,27,2025,,,,,,,,,,,,,,,,,12,11,10,11,9,10,9,10,8,10,,,,10,,,,,kbo-player-abilities-2024-2025-v1
68896,KT 위즈,이채호,P,KBO_2024_2025,90,2024+2025,,,,,,,,,,,,,,,,,10,10,11,10,10,11,10,12,10,9,,,10,,10,,,,kbo-player-abilities-2024-2025-v1
69623,KT 위즈,이태규,P,FUTURES_2024_2025,121,2024+2025,,,,,,,,,,,,,,,,,8,8,7,10,8,7,5,6,8,,,,,,,,,,kbo-player-abilities-2024-2025-v1
54014,KT 위즈,이현민,P,FUTURES_2024_2025,193,2024+2025,,,,,,,,,,,,,,,,,8,9,10,9,8,9,8,10,9,,,,,,,,,,kbo-player-abilities-2024-2025-v1
69113,KT 위즈,임준형,P,KBO_2024_2025,104,2024+2025,,,,,,,,,,,,,,,,,10,11,10,12,10,10,10,9,10,10,,,10,10,10,,,,kbo-player-abilities-2024-2025-v1
69047,KT 위즈,전용주,P,KBO_2024_2025,77,2024+2025,,,,,,,,,,,,,,,,,13,11,11,13,9,11,11,11,11,10,,,,10,,,,,kbo-player-abilities-2024-2025-v1
64768,KT 위즈,조이현,P,KBO_2024_2025,234,2024+2025,,,,,,,,,,,,,,,,,8,8,13,8,13,11,6,16,10,10,,,,10,10,10,,,kbo-player-abilities-2024-2025-v1
65060,KT 위즈,주권,P,KBO_2024_2025,430,2024+2025,,,,,,,,,,,,,,,,,10,9,13,10,11,11,5,16,11,10,10,,10,10,,,,,kbo-player-abilities-2024-2025-v1
79140,KT 위즈,최동환,P,KBO_2024_2025,196,2024+2025,,,,,,,,,,,,,,,,,9,8,9,6,10,7,7,9,7,10,,,,10,10,10,,,kbo-player-abilities-2024-2025-v1
50650,KT 위즈,최용준,P,KBO_2024_2025,39,2025,,,,,,,,,,,,,,,,,10,11,12,12,10,12,9,13,13,10,,10,10,,,,,,kbo-player-abilities-2024-2025-v1
55032,KT 위즈,패트릭,P,KBO_2024_2025,267,2025,,,,,,,,,,,,,,,,,14,12,13,14,14,13,10,14,15,11,10,,10,10,10,,,,kbo-player-abilities-2024-2025-v1
51058,KT 위즈,한차현,P,KBO_2024_2025,114,2024+2025,,,,,,,,,,,,,,,,,12,10,9,10,10,9,10,9,8,10,,,,,,10,,,kbo-player-abilities-2024-2025-v1
54354,KT 위즈,헤이수스,P,KBO_2024_2025,1440,2024+2025,,,,,,,,,,,,,,,,,14,15,16,11,18,17,17,17,15,12,11,,11,11,10,,,,kbo-player-abilities-2024-2025-v1
53144,LG 트윈스,김범석,C,KBO_2024_2025,180,2024,10,12,11,9,10,1,9,9,9,9,9,9,9,9,6,9,,,,,,,,,,,,,,,,,,,kbo-player-abilities-2024-2025-v1
52105,LG 트윈스,김성우,C,KBO_2024_2025,10,2024+2025,11,11,11,11,11,1,11,11,11,11,11,11,11,11,7,11,,,,,,,,,,,,,,,,,,,kbo-player-abilities-2024-2025-v1
62558,LG 트윈스,김준태,C,KBO_2024_2025,32,2024+2025,11,11,11,11,12,1,11,10,11,11,11,11,11,11,10,11,,,,,,,,,,,,,,,,,,,kbo-player-abilities-2024-2025-v1
79365,LG 트윈스,박동원,C,KBO_2024_2025,1021,2024+2025,12,16,15,11,13,1,12,13,12,11,13,10,13,14,15,12,,,,,,,,,,,,,,,,,,,kbo-player-abilities-2024-2025-v1
52154,LG 트윈스,이주헌,C,KBO_2024_2025,162,2024+2025,11,13,14,11,11,1,9,9,11,10,10,9,11,12,7,10,,,,,,,,,,,,,,,,,,,kbo-player-abilities-2024-2025-v1
55100,LG 트윈스,이한림,C,FUTURES_2024_2025,58,2025,8,7,9,9,8,1,8,8,9,9,9,9,9,9,5,9,,,,,,,,,,,,,,,,,,,kbo-player-abilities-2024-2025-v1
69100,LG 트윈스,구본혁,IF,KBO_2024_2025,786,2024+2025,15,10,13,15,14,1,13,13,13,14,16,15,14,13,10,11,,,,,,,,,,,,,,,,,,,kbo-player-abilities-2024-2025-v1
64793,LG 트윈스,김민수,IF,KBO_2024_2025,8,2024,11,11,11,11,11,1,10,10,9,9,9,9,9,9,10,9,,,,,,,,,,,,,,,,,,,kbo-player-abilities-2024-2025-v1
69105,LG 트윈스,김성진,IF,KBO_2024_2025,16,2024,11,11,11,11,11,1,10,10,9,9,9,9,9,9,8,9,,,,,,,,,,,,,,,,,,,kbo-player-abilities-2024-2025-v1
66162,LG 트윈스,김주성,IF,KBO_2024_2025,26,2024+2025,11,11,12,11,11,1,11,11,11,11,11,11,11,11,9,11,,,,,,,,,,,,,,,,,,,kbo-player-abilities-2024-2025-v1
69102,LG 트윈스,문보경,IF,KBO_2024_2025,1209,2024+2025,15,17,16,14,15,1,10,11,13,12,11,10,11,15,11,12,,,,,,,,,,,,,,,,,,,kbo-player-abilities-2024-2025-v1
52121,LG 트윈스,문정빈,IF,KBO_2024_2025,33,2025,9,11,9,10,10,1,11,10,11,12,11,12,11,10,7,11,,,,,,,,,,,,,,,,,,,kbo-player-abilities-2024-2025-v1
54156,LG 트윈스,손용준,IF,KBO_2024_2025,16,2025,10,10,10,10,10,1,11,11,11,11,11,11,11,10,8,11,,,,,,,,,,,,,,,,,,,kbo-player-abilities-2024-2025-v1
65207,LG 트윈스,신민재,IF,KBO_2024_2025,1012,2024+2025,17,10,16,16,16,1,14,13,10,12,15,11,10,14,12,10,,,,,,,,,,,,,,,,,,,kbo-player-abilities-2024-2025-v1
53123,LG 트윈스,오스틴,IF,KBO_2024_2025,1103,2024+2025,17,18,16,15,16,1,12,13,11,12,12,11,10,14,13,13,,,,,,,,,,,,,,,,,,,kbo-player-abilities-2024-2025-v1
79109,LG 트윈스,오지환,IF,KBO_2024_2025,900,2024+2025,11,16,12,11,12,1,14,12,14,13,14,15,15,12,14,13,,,,,,,,,,,,,,,,,,,kbo-player-abilities-2024-2025-v1
51100,LG 트윈스,이영빈,IF,KBO_2024_2025,146,2024+2025,9,12,8,9,9,1,12,12,12,13,10,13,12,10,8,12,,,,,,,,,,,,,,,,,,,kbo-player-abilities-2024-2025-v1
55165,LG 트윈스,이태훈,IF,FUTURES_2024_2025,223,2025,9,8,8,8,8,1,9,10,9,9,9,9,9,8,6,9,,,,,,,,,,,,,,,,,,,kbo-player-abilities-2024-2025-v1
50054,LG 트윈스,천성호,IF,KBO_2024_2025,454,2024+2025,13,11,11,13,12,1,14,12,13,11,9,10,13,12,9,11,,,,,,,,,,,,,,,,,,,kbo-player-abilities-2024-2025-v1
76290,LG 트윈스,김현수,OF,KBO_2024_2025,1135,2024+2025,17,15,15,16,15,1,12,14,12,11,15,8,10,15,15,11,,,,,,,,,,,,,,,,,,,kbo-player-abilities-2024-2025-v1
54166,LG 트윈스,김현종,OF,KBO_2024_2025,22,2024+2025,11,11,11,11,11,1,10,11,11,11,11,11,11,11,7,11,,,,,,,,,,,,,,,,,,,kbo-player-abilities-2024-2025-v1
68119,LG 트윈스,문성주,OF,KBO_2024_2025,903,2024+2025,17,10,15,15,16,1,13,12,13,12,11,11,13,14,11,10,,,,,,,,,,,,,,,,,,,kbo-player-abilities-2024-2025-v1
55164,LG 트윈스,박관우,OF,KBO_2024_2025,58,2025,11,13,10,11,11,1,10,10,11,10,10,10,11,11,6,11,,,,,,,,,,,,,,,,,,,kbo-player-abilities-2024-2025-v1
62415,LG 트윈스,박해민,OF,KBO_2024_2025,1097,2024+2025,14,10,16,14,14,1,15,14,14,12,12,13,15,15,15,11,,,,,,,,,,,,,,,,,,,kbo-player-abilities-2024-2025-v1
55160,LG 트윈스,서영준,OF,FUTURES_2024_2025,195,2025,10,12,8,9,10,1,9,9,9,9,9,9,9,8,5,11,,,,,,,,,,,,,,,,,,,kbo-player-abilities-2024-2025-v1
68110,LG 트윈스,송찬의,OF,KBO_2024_2025,187,2024+2025,8,12,9,8,9,1,12,12,13,12,13,11,13,10,9,12,,,,,,,,,,,,,,,,,,,kbo-player-abilities-2024-2025-v1
65115,LG 트윈스,안익훈,OF,KBO_2024_2025,56,2024,9,9,10,9,10,1,10,11,9,9,9,9,9,9,9,9,,,,,,,,,,,,,,,,,,,kbo-player-abilities-2024-2025-v1
65905,LG 트윈스,최승민,OF,KBO_2024_2025,22,2024+2025,11,10,11,11,11,1,11,11,11,11,11,11,11,11,10,11,,,,,,,,,,,,,,,,,,,kbo-player-abilities-2024-2025-v1
52103,LG 트윈스,최원영,OF,KBO_2024_2025,156,2024+2025,13,9,8,12,11,1,12,12,11,11,9,10,9,10,7,11,,,,,,,,,,,,,,,,,,,kbo-player-abilities-2024-2025-v1
50108,LG 트윈스,함창건,OF,KBO_2024_2025,53,2024+2025,9,9,10,9,10,1,10,10,12,12,10,12,11,11,8,10,,,,,,,,,,,,,,,,,,,kbo-player-abilities-2024-2025-v1
66108,LG 트윈스,홍창기,OF,KBO_2024_2025,852,2024+2025,16,9,16,14,14,1,12,12,8,11,11,13,10,14,12,10,,,,,,,,,,,,,,,,,,,kbo-player-abilities-2024-2025-v1
77263,LG 트윈스,김강률,P,KBO_2024_2025,238,2024+2025,,,,,,,,,,,,,,,,,11,12,11,15,9,12,11,9,14,10,,,,10,10,,,,kbo-player-abilities-2024-2025-v1
66145,LG 트윈스,김대현,P,KBO_2024_2025,155,2024,,,,,,,,,,,,,,,,,8,8,8,9,9,8,8,7,11,,,,,,,,,,kbo-player-abilities-2024-2025-v1
55167,LG 트윈스,김영우,P,KBO_2024_2025,255,2025,,,,,,,,,,,,,,,,,16,14,12,15,10,13,14,9,15,10,,,,11,11,10,,,kbo-player-abilities-2024-2025-v1
68130,LG 트윈스,김영준,P,KBO_2024_2025,76,2024,,,,,,,,,,,,,,,,,8,10,8,10,10,9,9,8,9,,,,,,,,,,kbo-player-abilities-2024-2025-v1
64596,LG 트윈스,김유영,P,KBO_2024_2025,238,2024+2025,,,,,,,,,,,,,,,,,10,12,11,13,9,11,12,11,10,10,,,,10,,,,,kbo-player-abilities-2024-2025-v1
55122,LG 트윈스,김종운,P,KBO_2024_2025,7,2025,,,,,,,,,,,,,,,,,11,10,11,10,10,12,12,12,11,10,,,,,,,,,kbo-player-abilities-2024-2025-v1
65411,LG 트윈스,김주온,P,KBO_2024_2025,30,2024+2025,,,,,,,,,,,,,,,,,12,11,9,10,10,9,12,9,9,,,,,10,,,,,kbo-player-abilities-2024-2025-v1
75867,LG 트윈스,김진성,P,KBO_2024_2025,585,2024+2025,,,,,,,,,,,,,,,,,10,13,14,11,11,15,15,14,15,10,,,,10,,11,,,kbo-player-abilities-2024-2025-v1
51154,LG 트윈스,김진수,P,KBO_2024_2025,85,2024+2025,,,,,,,,,,,,,,,,,12,10,11,8,10,11,12,14,9,10,,,10,,10,,,,kbo-player-abilities-2024-2025-v1
53139,LG 트윈스,박명근,P,KBO_2024_2025,288,2024+2025,,,,,,,,,,,,,,,,,12,10,11,10,9,11,10,12,11,10,,,10,,10,,,,kbo-player-abilities-2024-2025-v1
55121,LG 트윈스,박시원,P,KBO_2024_2025,9,2025,,,,,,,,,,,,,,,,,15,10,10,11,10,9,10,8,10,10,,,,,,,,,kbo-player-abilities-2024-2025-v1
63145,LG 트윈스,배재준,P,KBO_2024_2025,56,2025,,,,,,,,,,,,,,,,,14,12,11,13,10,13,14,10,12,10,,,,10,10,10,,,kbo-player-abilities-2024-2025-v1
65109,LG 트윈스,백승현,P,KBO_2024_2025,281,2024+2025,,,,,,,,,,,,,,,,,12,10,7,12,9,8,10,5,9,10,,,,10,,10,,,kbo-player-abilities-2024-2025-v1
68159,LG 트윈스,성동현,P,KBO_2024_2025,53,2024+2025,,,,,,,,,,,,,,,,,12,9,9,9,9,8,9,8,8,9,,,,10,,10,,,kbo-player-abilities-2024-2025-v1
67143,LG 트윈스,손주영,P,KBO_2024_2025,1281,2024+2025,,,,,,,,,,,,,,,,,11,13,14,15,17,15,14,15,16,11,,10,10,10,11,10,,,kbo-player-abilities-2024-2025-v1
51111,LG 트윈스,송승기,P,KBO_2024_2025,629,2025,,,,,,,,,,,,,,,,,11,13,14,11,17,14,13,15,15,11,,,10,10,10,10,,,kbo-player-abilities-2024-2025-v1
61411,LG 트윈스,심창민,P,FUTURES_2024_2025,148,2024+2025,,,,,,,,,,,,,,,,,8,12,6,11,7,9,13,5,6,,,,,,,,,,kbo-player-abilities-2024-2025-v1
51526,LG 트윈스,우강훈,P,KBO_2024_2025,103,2024+2025,,,,,,,,,,,,,,,,,12,10,10,12,10,9,9,10,11,10,,,,,10,10,,,kbo-player-abilities-2024-2025-v1
50106,LG 트윈스,유영찬,P,KBO_2024_2025,463,2024+2025,,,,,,,,,,,,,,,,,13,15,11,15,11,14,17,8,16,10,,,,11,,11,,,kbo-player-abilities-2024-2025-v1
61145,LG 트윈스,이우찬,P,KBO_2024_2025,258,2024+2025,,,,,,,,,,,,,,,,,10,13,9,14,9,12,13,7,13,9,,,,10,10,10,,,kbo-player-abilities-2024-2025-v1
69134,LG 트윈스,이정용,P,KBO_2024_2025,139,2025,,,,,,,,,,,,,,,,,11,12,12,11,10,12,11,13,12,10,,,,10,10,10,,,kbo-player-abilities-2024-2025-v1
50904,LG 트윈스,이종준,P,KBO_2024_2025,125,2024+2025,,,,,,,,,,,,,,,,,12,12,11,12,10,12,14,11,13,10,,,,,,,,,kbo-player-abilities-2024-2025-v1
69108,LG 트윈스,이지강,P,KBO_2024_2025,461,2024+2025,,,,,,,,,,,,,,,,,12,11,10,12,11,11,11,10,10,10,,10,10,10,10,10,,,kbo-player-abilities-2024-2025-v1
61101,LG 트윈스,임찬규,P,KBO_2024_2025,1247,2024+2025,,,,,,,,,,,,,,,,,8,12,16,14,18,15,9,17,16,10,,10,11,10,10,,,,kbo-player-abilities-2024-2025-v1
63950,LG 트윈스,장현식,P,KBO_2024_2025,565,2024+2025,,,,,,,,,,,,,,,,,12,11,11,11,11,11,10,12,11,10,,,,11,,10,,,kbo-player-abilities-2024-2025-v1
69159,LG 트윈스,정우영,P,KBO_2024_2025,121,2024+2025,,,,,,,,,,,,,,,,,12,11,10,10,9,10,12,9,9,,10,,,,,,,,kbo-player-abilities-2024-2025-v1
54148,LG 트윈스,진우영,P,KBO_2024_2025,35,2024,,,,,,,,,,,,,,,,,8,12,10,12,11,11,13,8,12,,,,,,,,,,kbo-player-abilities-2024-2025-v1
68419,LG 트윈스,최채흥,P,KBO_2024_2025,228,2024+2025,,,,,,,,,,,,,,,,,7,9,10,9,12,9,9,11,10,10,,,10,10,10,,,,kbo-player-abilities-2024-2025-v1
55163,LG 트윈스,추세현,P,FUTURES_2024_2025,15,2025,,,,,,,,,,,,,,,,,8,9,7,9,7,8,10,7,8,,,,,,,,,,kbo-player-abilities-2024-2025-v1
55146,LG 트윈스,치리노스,P,KBO_2024_2025,737,2025,,,,,,,,,,,,,,,,,13,13,16,15,17,16,11,17,17,10,10,,,11,,11,10,,kbo-player-abilities-2024-2025-v1
55130,LG 트윈스,톨허스트,P,KBO_2024_2025,184,2025,,,,,,,,,,,,,,,,,12,14,13,15,15,14,15,13,15,11,,10,,10,10,10,,,kbo-player-abilities-2024-2025-v1
63248,LG 트윈스,함덕주,P,KBO_2024_2025,167,2024+2025,,,,,,,,,,,,,,,,,8,13,10,14,10,12,14,7,11,10,,,10,10,,,,,kbo-player-abilities-2024-2025-v1
53102,LG 트윈스,허용주,P,FUTURES_2024_2025,100,2024+2025,,,,,,,,,,,,,,,,,8,9,9,10,8,9,9,8,9,,,,,,,,,,kbo-player-abilities-2024-2025-v1
52119,LG 트윈스,허준혁,P,FUTURES_2024_2025,322,2024+2025,,,,,,,,,,,,,,,,,8,9,9,7,8,9,10,8,11,,,,,,,,,,kbo-player-abilities-2024-2025-v1
51903,NC 다이노스,김정호,C,KBO_2024_2025,11,2025,10,10,10,11,11,1,11,11,11,11,11,11,11,11,9,11,,,,,,,,,,,,,,,,,,,kbo-player-abilities-2024-2025-v1
68912,NC 다이노스,김형준,C,KBO_2024_2025,829,2024+2025,9,16,13,8,9,1,12,13,12,13,15,13,12,11,10,13,,,,,,,,,,,,,,,,,,,kbo-player-abilities-2024-2025-v1
62244,NC 다이노스,박세혁,C,KBO_2024_2025,264,2024+2025,9,11,9,9,9,1,12,13,11,10,10,9,11,12,13,12,,,,,,,,,,,,,,,,,,,kbo-player-abilities-2024-2025-v1
64022,NC 다이노스,안중열,C,KBO_2024_2025,85,2024+2025,9,11,13,11,9,1,10,10,10,10,11,10,10,11,10,10,,,,,,,,,,,,,,,,,,,kbo-player-abilities-2024-2025-v1
54905,NC 다이노스,김세훈,IF,KBO_2024_2025,5,2024,11,12,12,11,11,1,10,10,9,9,9,9,9,9,7,10,,,,,,,,,,,,,,,,,,,kbo-player-abilities-2024-2025-v1
51907,NC 다이노스,김주원,IF,KBO_2024_2025,1099,2024+2025,15,16,15,14,15,1,15,14,11,11,11,9,9,13,10,13,,,,,,,,,,,,,,,,,,,kbo-player-abilities-2024-2025-v1
50902,NC 다이노스,김한별,IF,KBO_2024_2025,122,2024+2025,13,9,10,13,13,1,11,11,11,11,11,12,12,12,8,11,,,,,,,,,,,,,,,,,,,kbo-player-abilities-2024-2025-v1
51344,NC 다이노스,김휘집,IF,KBO_2024_2025,1062,2024+2025,13,16,13,13,12,1,13,13,11,10,10,10,11,12,10,13,,,,,,,,,,,,,,,,,,,kbo-player-abilities-2024-2025-v1
54944,NC 다이노스,데이비슨,IF,KBO_2024_2025,1006,2024+2025,14,17,9,11,13,1,10,12,11,12,12,12,11,11,13,13,,,,,,,,,,,,,,,,,,,kbo-player-abilities-2024-2025-v1
66965,NC 다이노스,도태훈,IF,KBO_2024_2025,279,2024+2025,10,11,13,11,10,1,12,13,13,11,10,10,12,11,11,12,,,,,,,,,,,,,,,,,,,kbo-player-abilities-2024-2025-v1
62907,NC 다이노스,박민우,IF,KBO_2024_2025,996,2024+2025,17,14,14,16,16,1,15,13,14,12,15,11,13,14,14,12,,,,,,,,,,,,,,,,,,,kbo-player-abilities-2024-2025-v1
69995,NC 다이노스,서호철,IF,KBO_2024_2025,859,2024+2025,13,10,6,12,11,1,12,12,9,8,14,8,9,10,11,12,,,,,,,,,,,,,,,,,,,kbo-player-abilities-2024-2025-v1
50901,NC 다이노스,안인산,IF,KBO_2024_2025,7,2025,11,11,11,11,11,1,11,11,11,11,11,11,11,11,8,11,,,,,,,,,,,,,,,,,,,kbo-player-abilities-2024-2025-v1
68904,NC 다이노스,오영수,IF,KBO_2024_2025,213,2024+2025,10,12,14,11,10,1,13,12,11,11,11,11,11,12,8,11,,,,,,,,,,,,,,,,,,,kbo-player-abilities-2024-2025-v1
51996,NC 다이노스,오태양,IF,KBO_2024_2025,13,2025,10,10,10,11,11,1,11,11,11,11,12,11,11,11,8,11,,,,,,,,,,,,,,,,,,,kbo-player-abilities-2024-2025-v1
55993,NC 다이노스,장창훈,IF,FUTURES_2024_2025,58,2025,8,7,9,9,8,1,9,9,9,9,9,9,9,9,7,9,,,,,,,,,,,,,,,,,,,kbo-player-abilities-2024-2025-v1
69992,NC 다이노스,최정원,IF,KBO_2024_2025,310,2024+2025,14,9,14,13,13,1,15,14,12,13,14,13,12,13,8,10,,,,,,,,,,,,,,,,,,,kbo-player-abilities-2024-2025-v1
50903,NC 다이노스,한재환,IF,KBO_2024_2025,40,2024+2025,10,9,10,9,9,1,11,10,11,11,11,11,11,11,8,10,,,,,,,,,,,,,,,,,,,kbo-player-abilities-2024-2025-v1
50600,NC 다이노스,홍종표,IF,KBO_2024_2025,200,2024+2025,8,8,9,9,9,1,13,12,12,11,11,11,12,11,8,10,,,,,,,,,,,,,,,,,,,kbo-player-abilities-2024-2025-v1
54908,NC 다이노스,고승완,OF,KBO_2024_2025,11,2025,11,11,11,11,11,1,11,11,11,11,11,11,11,11,8,11,,,,,,,,,,,,,,,,,,,kbo-player-abilities-2024-2025-v1
63963,NC 다이노스,권희동,OF,KBO_2024_2025,967,2024+2025,14,14,18,13,14,1,11,11,9,11,13,11,8,13,13,10,,,,,,,,,,,,,,,,,,,kbo-player-abilities-2024-2025-v1
69980,NC 다이노스,김범준,OF,KBO_2024_2025,6,2024+2025,11,11,11,11,11,1,11,11,11,11,11,11,11,11,8,11,,,,,,,,,,,,,,,,,,,kbo-player-abilities-2024-2025-v1
79215,NC 다이노스,박건우,OF,KBO_2024_2025,804,2024+2025,17,15,15,16,15,1,12,12,11,9,13,9,13,15,15,12,,,,,,,,,,,,,,,,,,,kbo-player-abilities-2024-2025-v1
50996,NC 다이노스,박시원,OF,KBO_2024_2025,218,2024+2025,9,10,10,9,9,1,12,13,11,12,10,12,11,11,8,11,,,,,,,,,,,,,,,,,,,kbo-player-abilities-2024-2025-v1
50906,NC 다이노스,박영빈,OF,KBO_2024_2025,12,2024+2025,11,11,11,11,11,1,11,11,11,11,11,11,11,11,9,11,,,,,,,,,,,,,,,,,,,kbo-player-abilities-2024-2025-v1
69203,NC 다이노스,송승환,OF,KBO_2024_2025,20,2024+2025,10,10,9,11,11,1,11,11,11,11,11,11,11,11,8,11,,,,,,,,,,,,,,,,,,,kbo-player-abilities-2024-2025-v1
63260,NC 다이노스,이우성,OF,KBO_2024_2025,786,2024+2025,13,13,13,12,12,1,12,12,12,12,15,9,9,11,11,11,,,,,,,,,,,,,,,,,,,kbo-player-abilities-2024-2025-v1
67905,NC 다이노스,천재환,OF,KBO_2024_2025,530,2024+2025,12,13,9,12,12,1,14,14,12,10,11,10,12,11,11,13,,,,,,,,,,,,,,,,,,,kbo-player-abilities-2024-2025-v1
66606,NC 다이노스,최원준,OF,KBO_2024_2025,957,2024+2025,13,12,10,14,13,1,15,13,9,10,14,10,9,11,11,12,,,,,,,,,,,,,,,,,,,kbo-player-abilities-2024-2025-v1
64101,NC 다이노스,한석현,OF,KBO_2024_2025,214,2024+2025,10,13,11,11,10,1,12,12,12,11,13,11,11,11,10,11,,,,,,,,,,,,,,,,,,,kbo-player-abilities-2024-2025-v1
65933,NC 다이노스,구창모,P,KBO_2024_2025,59,2025,,,,,,,,,,,,,,,,,10,13,13,13,12,14,15,14,14,10,,,,10,,10,,,kbo-player-abilities-2024-2025-v1
52995,NC 다이노스,김녹원,P,KBO_2024_2025,327,2025,,,,,,,,,,,,,,,,,12,8,8,7,13,6,5,6,7,10,,,10,10,10,,,,kbo-player-abilities-2024-2025-v1
54913,NC 다이노스,김민규,P,KBO_2024_2025,53,2024+2025,,,,,,,,,,,,,,,,,9,10,10,12,9,10,9,9,11,,10,,,10,,,,,kbo-player-abilities-2024-2025-v1
68900,NC 다이노스,김영규,P,KBO_2024_2025,372,2024+2025,,,,,,,,,,,,,,,,,11,13,13,13,11,14,12,13,15,10,,,,10,,10,,,kbo-player-abilities-2024-2025-v1
64580,NC 다이노스,김재열,P,KBO_2024_2025,395,2024+2025,,,,,,,,,,,,,,,,,9,10,9,7,10,8,10,8,9,10,,10,,10,10,10,,,kbo-player-abilities-2024-2025-v1
67954,NC 다이노스,김진호,P,KBO_2024_2025,328,2024+2025,,,,,,,,,,,,,,,,,12,13,9,14,11,12,15,6,14,10,,,10,10,,,,,kbo-player-abilities-2024-2025-v1
50992,NC 다이노스,김태경,P,KBO_2024_2025,62,2025,,,,,,,,,,,,,,,,,8,9,9,8,11,8,10,9,7,10,,,,10,9,10,,,kbo-player-abilities-2024-2025-v1
67956,NC 다이노스,김태현,P,KBO_2024_2025,67,2024+2025,,,,,,,,,,,,,,,,,8,9,10,9,9,9,10,10,9,10,,,,10,,,,,kbo-player-abilities-2024-2025-v1
55995,NC 다이노스,김태훈,P,KBO_2024_2025,94,2025,,,,,,,,,,,,,,,,,13,9,9,8,10,7,6,7,9,10,,,,10,,,,,kbo-player-abilities-2024-2025-v1
55903,NC 다이노스,라일리,P,KBO_2024_2025,709,2025,,,,,,,,,,,,,,,,,14,15,15,12,17,17,17,15,17,12,,,,11,11,11,,,kbo-player-abilities-2024-2025-v1
55912,NC 다이노스,로건,P,KBO_2024_2025,770,2025,,,,,,,,,,,,,,,,,10,12,13,11,17,13,13,13,13,11,10,10,10,10,10,,10,,kbo-player-abilities-2024-2025-v1
65949,NC 다이노스,류진욱,P,KBO_2024_2025,469,2024+2025,,,,,,,,,,,,,,,,,12,13,12,12,11,13,14,11,14,10,,10,,,,10,,,kbo-player-abilities-2024-2025-v1
53973,NC 다이노스,목지훈,P,KBO_2024_2025,332,2024+2025,,,,,,,,,,,,,,,,,11,9,7,10,14,7,8,6,7,10,10,,,10,10,10,,,kbo-player-abilities-2024-2025-v1
68097,NC 다이노스,박주현,P,KBO_2024_2025,13,2024,,,,,,,,,,,,,,,,,8,11,11,11,9,11,11,11,12,,,,,,,,,,kbo-player-abilities-2024-2025-v1
64995,NC 다이노스,배재환,P,KBO_2024_2025,362,2024+2025,,,,,,,,,,,,,,,,,12,12,9,13,10,10,11,7,11,9,,,,10,,10,,,kbo-player-abilities-2024-2025-v1
66068,NC 다이노스,서의태,P,KBO_2024_2025,34,2024,,,,,,,,,,,,,,,,,8,9,7,10,9,8,9,7,10,,,,,,,,,,kbo-player-abilities-2024-2025-v1
67962,NC 다이노스,소이현,P,KBO_2024_2025,55,2024+2025,,,,,,,,,,,,,,,,,9,10,10,12,10,9,9,8,11,10,,10,10,10,,,,,kbo-player-abilities-2024-2025-v1
54904,NC 다이노스,손주환,P,KBO_2024_2025,240,2024+2025,,,,,,,,,,,,,,,,,13,10,12,11,11,12,10,13,12,10,,,,11,,10,,,kbo-player-abilities-2024-2025-v1
68902,NC 다이노스,신민혁,P,KBO_2024_2025,1092,2024+2025,,,,,,,,,,,,,,,,,5,8,15,7,17,12,6,18,13,9,,10,10,,10,10,,,kbo-player-abilities-2024-2025-v1
53919,NC 다이노스,신영우,P,KBO_2024_2025,120,2024+2025,,,,,,,,,,,,,,,,,15,12,8,11,11,10,15,6,8,10,,,,11,10,,,,kbo-player-abilities-2024-2025-v1
54906,NC 다이노스,원종해,P,FUTURES_2024_2025,262,2024+2025,,,,,,,,,,,,,,,,,8,9,11,10,11,10,7,12,8,,,,,,,,,,kbo-player-abilities-2024-2025-v1
55997,NC 다이노스,이세민,P,FUTURES_2024_2025,150,2025,,,,,,,,,,,,,,,,,8,8,9,8,11,9,10,8,10,,,,,,,,,,kbo-player-abilities-2024-2025-v1
77211,NC 다이노스,이용찬,P,KBO_2024_2025,345,2024+2025,,,,,,,,,,,,,,,,,10,11,10,11,10,10,11,9,7,9,,,,10,10,10,,,kbo-player-abilities-2024-2025-v1
60263,NC 다이노스,이재학,P,KBO_2024_2025,462,2024,,,,,,,,,,,,,,,,,8,11,11,9,12,11,11,11,10,,,,,,,,,,kbo-player-abilities-2024-2025-v1
52992,NC 다이노스,이준혁,P,KBO_2024_2025,170,2025,,,,,,,,,,,,,,,,,11,9,9,7,12,9,10,9,8,9,,,9,10,10,,,,kbo-player-abilities-2024-2025-v1
54900,NC 다이노스,임상현,P,KBO_2024_2025,189,2024+2025,,,,,,,,,,,,,,,,,12,9,9,10,11,8,8,8,8,10,,,,,,,,,kbo-player-abilities-2024-2025-v1
63959,NC 다이노스,임정호,P,KBO_2024_2025,331,2024+2025,,,,,,,,,,,,,,,,,6,11,12,11,9,11,11,11,12,,10,,,10,10,10,,,kbo-player-abilities-2024-2025-v1
52902,NC 다이노스,임지민,P,KBO_2024_2025,20,2025,,,,,,,,,,,,,,,,,16,12,11,12,10,12,14,9,12,10,,,,10,,10,,,kbo-player-abilities-2024-2025-v1
69204,NC 다이노스,전루건,P,KBO_2024_2025,44,2024,,,,,,,,,,,,,,,,,8,8,7,11,9,7,7,7,9,,,,,,,,,,kbo-player-abilities-2024-2025-v1
69969,NC 다이노스,전사민,P,KBO_2024_2025,498,2024+2025,,,,,,,,,,,,,,,,,13,11,12,14,11,11,9,12,12,,10,,,10,,10,10,,kbo-player-abilities-2024-2025-v1
52903,NC 다이노스,조민석,P,KBO_2024_2025,61,2025,,,,,,,,,,,,,,,,,8,9,9,8,11,8,7,8,9,10,,,10,10,10,10,,,kbo-player-abilities-2024-2025-v1
66920,NC 다이노스,최성영,P,KBO_2024_2025,446,2024+2025,,,,,,,,,,,,,,,,,7,8,9,8,12,7,7,9,7,10,,,,10,10,10,,,kbo-player-abilities-2024-2025-v1
54903,NC 다이노스,최우석,P,KBO_2024_2025,112,2024+2025,,,,,,,,,,,,,,,,,12,11,10,11,10,11,13,10,9,10,,,10,10,,,,,kbo-player-abilities-2024-2025-v1
68639,NC 다이노스,하준영,P,KBO_2024_2025,33,2025,,,,,,,,,,,,,,,,,10,11,9,11,9,9,11,8,10,10,,,10,10,,,,,kbo-player-abilities-2024-2025-v1
55996,NC 다이노스,홍재문,P,FUTURES_2024_2025,109,2025,,,,,,,,,,,,,,,,,8,9,12,7,9,11,11,12,10,,,,,,,,,,kbo-player-abilities-2024-2025-v1
54810,SSG 랜더스,김규민,C,FUTURES_2024_2025,235,2024+2025,8,10,6,7,8,1,9,8,9,9,9,9,9,8,7,11,,,,,,,,,,,,,,,,,,,kbo-player-abilities-2024-2025-v1
62864,SSG 랜더스,김민식,C,KBO_2024_2025,126,2024,9,10,12,9,10,1,9,9,9,9,9,9,9,9,11,9,,,,,,,,,,,,,,,,,,,kbo-player-abilities-2024-2025-v1
66662,SSG 랜더스,신범수,C,KBO_2024_2025,68,2024+2025,11,12,12,11,11,1,10,10,11,11,11,12,11,11,9,11,,,,,,,,,,,,,,,,,,,kbo-player-abilities-2024-2025-v1
55832,SSG 랜더스,이율예,C,KBO_2024_2025,13,2025,11,11,10,11,11,1,11,11,11,11,11,11,11,11,6,11,,,,,,,,,,,,,,,,,,,kbo-player-abilities-2024-2025-v1
79456,SSG 랜더스,이지영,C,KBO_2024_2025,648,2024+2025,13,10,9,13,12,1,12,13,12,12,11,11,11,11,13,11,,,,,,,,,,,,,,,,,,,kbo-player-abilities-2024-2025-v1
51865,SSG 랜더스,조형우,C,KBO_2024_2025,332,2024+2025,10,10,9,10,10,1,9,8,12,13,14,12,11,10,9,10,,,,,,,,,,,,,,,,,,,kbo-player-abilities-2024-2025-v1
51868,SSG 랜더스,고명준,IF,KBO_2024_2025,866,2024+2025,14,15,8,12,13,1,11,12,13,13,13,13,14,11,10,14,,,,,,,,,,,,,,,,,,,kbo-player-abilities-2024-2025-v1
50848,SSG 랜더스,김성민,IF,FUTURES_2024_2025,136,2024+2025,8,8,8,9,9,1,8,8,9,9,9,9,9,9,7,9,,,,,,,,,,,,,,,,,,,kbo-player-abilities-2024-2025-v1
76802,SSG 랜더스,김성현,IF,KBO_2024_2025,304,2024+2025,11,9,14,11,11,1,11,12,11,11,13,10,10,12,12,10,,,,,,,,,,,,,,,,,,,kbo-player-abilities-2024-2025-v1
67900,SSG 랜더스,김수윤,IF,KBO_2024_2025,22,2024+2025,9,9,10,10,10,1,11,11,11,11,11,10,11,11,9,11,,,,,,,,,,,,,,,,,,,kbo-player-abilities-2024-2025-v1
66917,SSG 랜더스,김찬형,IF,KBO_2024_2025,87,2024+2025,9,9,9,9,9,1,9,10,11,11,12,11,11,10,9,10,,,,,,,,,,,,,,,,,,,kbo-player-abilities-2024-2025-v1
52803,SSG 랜더스,김태윤,IF,KBO_2024_2025,4,2025,11,11,11,11,11,1,11,11,11,11,11,11,11,11,7,11,,,,,,,,,,,,,,,,,,,kbo-player-abilities-2024-2025-v1
67893,SSG 랜더스,박성한,IF,KBO_2024_2025,1102,2024+2025,15,13,17,15,15,1,13,12,15,13,15,11,14,14,11,11,,,,,,,,,,,,,,,,,,,kbo-player-abilities-2024-2025-v1
54805,SSG 랜더스,박지환,IF,KBO_2024_2025,317,2024+2025,10,8,8,10,9,1,12,12,10,10,10,10,10,10,7,10,,,,,,,,,,,,,,,,,,,kbo-player-abilities-2024-2025-v1
52804,SSG 랜더스,석정우,IF,KBO_2024_2025,54,2025,11,12,11,11,11,1,10,10,10,10,11,9,10,11,9,11,,,,,,,,,,,,,,,,,,,kbo-player-abilities-2024-2025-v1
66864,SSG 랜더스,안상현,IF,KBO_2024_2025,364,2024+2025,11,12,8,10,10,1,14,13,10,12,13,12,10,10,10,13,,,,,,,,,,,,,,,,,,,kbo-player-abilities-2024-2025-v1
54812,SSG 랜더스,정준재,IF,KBO_2024_2025,682,2024+2025,13,9,14,13,12,1,15,14,13,12,14,11,14,13,9,11,,,,,,,,,,,,,,,,,,,kbo-player-abilities-2024-2025-v1
55894,SSG 랜더스,최윤석,IF,FUTURES_2024_2025,278,2025,7,6,7,7,7,1,9,10,9,9,9,9,9,8,6,9,,,,,,,,,,,,,,,,,,,kbo-player-abilities-2024-2025-v1
75847,SSG 랜더스,최정,IF,KBO_2024_2025,956,2024+2025,12,18,15,12,13,1,11,13,9,10,9,11,10,14,15,12,,,,,,,,,,,,,,,,,,,kbo-player-abilities-2024-2025-v1
68868,SSG 랜더스,최준우,IF,KBO_2024_2025,226,2024+2025,8,9,15,9,10,1,12,13,12,10,12,9,12,12,9,10,,,,,,,,,,,,,,,,,,,kbo-player-abilities-2024-2025-v1
50840,SSG 랜더스,현원회,IF,KBO_2024_2025,63,2024+2025,12,11,10,11,11,1,10,10,12,12,12,12,12,11,8,11,,,,,,,,,,,,,,,,,,,kbo-player-abilities-2024-2025-v1
55897,SSG 랜더스,홍대인,IF,KBO_2024_2025,5,2025,11,11,11,11,11,1,11,11,11,11,11,11,11,11,8,11,,,,,,,,,,,,,,,,,,,kbo-player-abilities-2024-2025-v1
62934,SSG 랜더스,김성욱,OF,KBO_2024_2025,544,2024+2025,8,12,9,9,9,1,13,12,12,12,10,13,12,10,11,12,,,,,,,,,,,,,,,,,,,kbo-player-abilities-2024-2025-v1
69825,SSG 랜더스,김창평,OF,KBO_2024_2025,9,2024,11,11,11,11,11,1,10,10,8,8,8,9,9,9,7,9,,,,,,,,,,,,,,,,,,,kbo-player-abilities-2024-2025-v1
50868,SSG 랜더스,류효승,OF,KBO_2024_2025,105,2024+2025,12,14,10,11,12,1,11,10,11,11,11,11,11,11,10,12,,,,,,,,,,,,,,,,,,,kbo-player-abilities-2024-2025-v1
51860,SSG 랜더스,박정빈,OF,FUTURES_2024_2025,189,2024+2025,11,9,11,11,11,1,10,10,9,9,9,9,9,10,7,9,,,,,,,,,,,,,,,,,,,kbo-player-abilities-2024-2025-v1
53827,SSG 랜더스,에레디아,OF,KBO_2024_2025,1006,2024+2025,17,16,11,15,16,1,10,10,14,12,12,10,13,12,13,12,,,,,,,,,,,,,,,,,,,kbo-player-abilities-2024-2025-v1
60558,SSG 랜더스,오태곤,OF,KBO_2024_2025,517,2024+2025,10,14,15,10,10,1,15,13,10,8,8,9,11,12,12,11,,,,,,,,,,,,,,,,,,,kbo-player-abilities-2024-2025-v1
54806,SSG 랜더스,이승민,OF,KBO_2024_2025,5,2025,11,11,11,11,11,1,11,11,11,11,11,11,11,11,7,11,,,,,,,,,,,,,,,,,,,kbo-player-abilities-2024-2025-v1
67807,SSG 랜더스,이정범,OF,KBO_2024_2025,3,2025,11,11,11,11,11,1,11,11,11,11,11,11,11,11,9,11,,,,,,,,,,,,,,,,,,,kbo-player-abilities-2024-2025-v1
52807,SSG 랜더스,임근우,OF,KBO_2024_2025,5,2025,11,11,11,11,11,1,11,11,11,11,11,11,11,11,9,11,,,,,,,,,,,,,,,,,,,kbo-player-abilities-2024-2025-v1
69804,SSG 랜더스,채현우,OF,KBO_2024_2025,52,2025,9,11,9,9,9,1,12,12,11,10,10,9,10,10,10,12,,,,,,,,,,,,,,,,,,,kbo-player-abilities-2024-2025-v1
50854,SSG 랜더스,최지훈,OF,KBO_2024_2025,1117,2024+2025,15,12,12,15,14,1,16,14,12,8,10,9,13,13,11,12,,,,,,,,,,,,,,,,,,,kbo-player-abilities-2024-2025-v1
69813,SSG 랜더스,하재훈,OF,KBO_2024_2025,378,2024+2025,8,14,8,8,8,1,13,13,11,9,10,9,11,10,12,12,,,,,,,,,,,,,,,,,,,kbo-player-abilities-2024-2025-v1
62895,SSG 랜더스,한유섬,OF,KBO_2024_2025,1034,2024+2025,13,16,12,12,12,1,11,12,10,8,11,10,13,13,15,12,,,,,,,,,,,,,,,,,,,kbo-player-abilities-2024-2025-v1
51867,SSG 랜더스,김건우,P,KBO_2024_2025,301,2025,,,,,,,,,,,,,,,,,12,14,9,15,13,12,15,5,12,10,,,11,10,10,,,,kbo-player-abilities-2024-2025-v1
77829,SSG 랜더스,김광현,P,KBO_2024_2025,1345,2024+2025,,,,,,,,,,,,,,,,,11,14,13,11,18,15,16,14,12,10,,,10,11,10,10,,,kbo-player-abilities-2024-2025-v1
68043,SSG 랜더스,김민,P,KBO_2024_2025,602,2024+2025,,,,,,,,,,,,,,,,,12,14,15,12,11,16,16,15,16,,10,10,10,11,,,,,kbo-player-abilities-2024-2025-v1
65343,SSG 랜더스,김택형,P,KBO_2024_2025,132,2024+2025,,,,,,,,,,,,,,,,,9,11,11,13,10,11,8,11,13,10,,,,10,,10,,,kbo-player-abilities-2024-2025-v1
73211,SSG 랜더스,노경은,P,KBO_2024_2025,670,2024+2025,,,,,,,,,,,,,,,,,12,14,14,16,11,15,15,14,17,10,10,,,10,10,10,,,kbo-player-abilities-2024-2025-v1
62869,SSG 랜더스,문승원,P,KBO_2024_2025,717,2024+2025,,,,,,,,,,,,,,,,,11,8,12,8,16,10,6,14,11,11,10,,11,10,10,10,,,kbo-player-abilities-2024-2025-v1
54802,SSG 랜더스,박기호,P,KBO_2024_2025,110,2025,,,,,,,,,,,,,,,,,8,9,11,10,11,9,7,11,12,9,,,10,10,10,,,,kbo-player-abilities-2024-2025-v1
54807,SSG 랜더스,박성빈,P,KBO_2024_2025,9,2024,,,,,,,,,,,,,,,,,8,8,10,9,10,9,7,11,9,,,,,,,,,,kbo-player-abilities-2024-2025-v1
50812,SSG 랜더스,박시후,P,KBO_2024_2025,301,2024+2025,,,,,,,,,,,,,,,,,10,9,10,11,11,9,7,8,13,10,10,,10,10,10,,,,kbo-player-abilities-2024-2025-v1
60841,SSG 랜더스,박종훈,P,KBO_2024_2025,254,2024+2025,,,,,,,,,,,,,,,,,4,9,8,7,13,7,7,6,8,10,9,,10,,10,,,,kbo-player-abilities-2024-2025-v1
69839,SSG 랜더스,백승건,P,KBO_2024_2025,51,2024,,,,,,,,,,,,,,,,,8,9,9,9,9,9,9,9,9,,,,,,,,,,kbo-player-abilities-2024-2025-v1
61895,SSG 랜더스,서진용,P,KBO_2024_2025,218,2024+2025,,,,,,,,,,,,,,,,,7,11,10,11,9,10,11,8,10,10,,,,,,10,,,kbo-player-abilities-2024-2025-v1
53898,SSG 랜더스,송영진,P,KBO_2024_2025,744,2024+2025,,,,,,,,,,,,,,,,,10,8,9,7,15,8,6,10,8,9,,,,9,10,10,,,kbo-player-abilities-2024-2025-v1
55860,SSG 랜더스,신지환,P,KBO_2024_2025,4,2025,,,,,,,,,,,,,,,,,9,11,11,12,10,12,12,12,12,10,,,,,,,,,kbo-player-abilities-2024-2025-v1
54833,SSG 랜더스,앤더슨,P,KBO_2024_2025,1190,2024+2025,,,,,,,,,,,,,,,,,16,17,15,15,18,17,18,15,18,12,,10,11,11,11,,,,kbo-player-abilities-2024-2025-v1
64861,SSG 랜더스,이건욱,P,KBO_2024_2025,106,2024,,,,,,,,,,,,,,,,,8,8,7,7,10,7,9,8,6,,,,,,,,,,kbo-player-abilities-2024-2025-v1
53892,SSG 랜더스,이로운,P,KBO_2024_2025,582,2024+2025,,,,,,,,,,,,,,,,,13,13,13,13,11,14,13,12,16,10,,,10,11,10,,,,kbo-player-abilities-2024-2025-v1
51895,SSG 랜더스,장지훈,P,KBO_2024_2025,101,2024,,,,,,,,,,,,,,,,,8,10,12,11,10,11,8,12,12,,,,,,,,,,kbo-player-abilities-2024-2025-v1
52809,SSG 랜더스,전영준,P,KBO_2024_2025,228,2025,,,,,,,,,,,,,,,,,10,13,11,12,12,12,15,10,12,10,,,,10,10,10,,,kbo-player-abilities-2024-2025-v1
66858,SSG 랜더스,정동윤,P,KBO_2024_2025,89,2024+2025,,,,,,,,,,,,,,,,,10,11,9,10,11,10,13,8,8,10,10,10,,10,10,10,,,kbo-player-abilities-2024-2025-v1
51897,SSG 랜더스,조병현,P,KBO_2024_2025,557,2024+2025,,,,,,,,,,,,,,,,,13,16,14,14,11,16,17,14,17,12,,,,,10,11,,,kbo-player-abilities-2024-2025-v1
55890,SSG 랜더스,천범석,P,FUTURES_2024_2025,277,2025,,,,,,,,,,,,,,,,,8,6,11,5,11,8,6,13,10,,,,,,,,,,kbo-player-abilities-2024-2025-v1
68856,SSG 랜더스,최민준,P,KBO_2024_2025,489,2024+2025,,,,,,,,,,,,,,,,,10,9,11,9,12,11,8,13,12,9,,10,,10,10,10,,,kbo-player-abilities-2024-2025-v1
54803,SSG 랜더스,최현석,P,KBO_2024_2025,87,2024+2025,,,,,,,,,,,,,,,,,11,9,11,8,11,10,9,12,9,10,,,,10,10,10,,,kbo-player-abilities-2024-2025-v1
68092,SSG 랜더스,한두솔,P,KBO_2024_2025,442,2024+2025,,,,,,,,,,,,,,,,,11,12,10,13,9,11,10,9,11,10,,,10,10,,,,,kbo-player-abilities-2024-2025-v1
55855,SSG 랜더스,화이트,P,KBO_2024_2025,562,2025,,,,,,,,,,,,,,,,,14,15,15,15,17,16,16,15,17,11,11,10,10,10,11,,10,,kbo-player-abilities-2024-2025-v1
66112,두산 베어스,김기연,C,KBO_2024_2025,528,2024+2025,13,11,11,12,12,1,10,11,10,10,11,10,12,12,10,11,,,,,,,,,,,,,,,,,,,kbo-player-abilities-2024-2025-v1
55216,두산 베어스,김성재,C,KBO_2024_2025,1,2025,11,11,11,11,11,1,11,11,11,11,11,11,11,11,6,11,,,,,,,,,,,,,,,,,,,kbo-player-abilities-2024-2025-v1
54219,두산 베어스,류현준,C,KBO_2024_2025,25,2024+2025,10,9,9,10,9,1,10,10,11,10,10,10,11,10,7,11,,,,,,,,,,,,,,,,,,,kbo-player-abilities-2024-2025-v1
53204,두산 베어스,박민준,C,KBO_2024_2025,7,2024+2025,11,11,11,11,11,1,11,11,11,11,11,11,11,11,8,11,,,,,,,,,,,,,,,,,,,kbo-player-abilities-2024-2025-v1
51298,두산 베어스,박성재,C,KBO_2024_2025,7,2025,11,11,11,11,11,1,11,11,11,11,11,11,11,11,7,11,,,,,,,,,,,,,,,,,,,kbo-player-abilities-2024-2025-v1
76232,두산 베어스,양의지,C,KBO_2024_2025,1002,2024+2025,17,17,14,16,16,1,11,11,11,12,13,10,11,15,15,12,,,,,,,,,,,,,,,,,,,kbo-player-abilities-2024-2025-v1
63202,두산 베어스,장승현,C,KBO_2024_2025,25,2024+2025,11,11,11,11,11,1,11,11,11,11,11,11,11,11,10,11,,,,,,,,,,,,,,,,,,,kbo-player-abilities-2024-2025-v1
63123,두산 베어스,강승호,IF,KBO_2024_2025,966,2024+2025,11,14,8,9,11,1,14,13,10,8,15,9,10,11,13,13,,,,,,,,,,,,,,,,,,,kbo-player-abilities-2024-2025-v1
52267,두산 베어스,김동준,IF,KBO_2024_2025,100,2025,10,11,9,9,9,1,11,11,11,11,12,11,11,10,8,12,,,,,,,,,,,,,,,,,,,kbo-player-abilities-2024-2025-v1
65269,두산 베어스,김민혁,IF,KBO_2024_2025,29,2024+2025,10,12,12,11,10,1,11,10,11,11,11,11,11,11,10,11,,,,,,,,,,,,,,,,,,,kbo-player-abilities-2024-2025-v1
55226,두산 베어스,김준상,IF,KBO_2024_2025,17,2025,10,10,10,10,10,1,11,11,11,11,11,12,11,10,7,11,,,,,,,,,,,,,,,,,,,kbo-player-abilities-2024-2025-v1
64468,두산 베어스,박계범,IF,KBO_2024_2025,218,2024+2025,12,11,10,11,11,1,12,12,11,8,9,8,10,10,10,11,,,,,,,,,,,,,,,,,,,kbo-player-abilities-2024-2025-v1
55252,두산 베어스,박준순,IF,KBO_2024_2025,298,2025,14,11,8,12,13,1,13,13,10,10,14,8,9,11,7,13,,,,,,,,,,,,,,,,,,,kbo-player-abilities-2024-2025-v1
66928,두산 베어스,박준영,IF,KBO_2024_2025,338,2024+2025,9,12,11,9,9,1,13,13,10,9,10,9,11,11,9,11,,,,,,,,,,,,,,,,,,,kbo-player-abilities-2024-2025-v1
50204,두산 베어스,박지훈,IF,KBO_2024_2025,55,2025,13,12,11,12,12,1,11,11,10,11,10,11,11,11,8,11,,,,,,,,,,,,,,,,,,,kbo-player-abilities-2024-2025-v1
51203,두산 베어스,안재석,IF,KBO_2024_2025,147,2025,14,15,11,12,13,1,12,12,10,12,11,13,11,11,8,12,,,,,,,,,,,,,,,,,,,kbo-player-abilities-2024-2025-v1
64153,두산 베어스,양석환,IF,KBO_2024_2025,887,2024+2025,11,16,11,10,11,1,11,12,13,12,12,12,13,11,12,13,,,,,,,,,,,,,,,,,,,kbo-player-abilities-2024-2025-v1
54205,두산 베어스,여동건,IF,KBO_2024_2025,32,2024+2025,11,10,11,11,11,1,11,12,11,11,12,11,11,11,7,10,,,,,,,,,,,,,,,,,,,kbo-player-abilities-2024-2025-v1
50208,두산 베어스,오명진,IF,KBO_2024_2025,373,2024+2025,12,11,10,11,12,1,13,12,13,10,12,9,13,11,9,12,,,,,,,,,,,,,,,,,,,kbo-player-abilities-2024-2025-v1
55224,두산 베어스,이선우,IF,KBO_2024_2025,11,2025,10,10,10,11,11,1,11,11,11,11,11,11,11,11,6,11,,,,,,,,,,,,,,,,,,,kbo-player-abilities-2024-2025-v1
67207,두산 베어스,이유찬,IF,KBO_2024_2025,573,2024+2025,12,9,13,11,12,1,14,14,9,11,9,12,10,12,10,10,,,,,,,,,,,,,,,,,,,kbo-player-abilities-2024-2025-v1
54236,두산 베어스,임종성,IF,KBO_2024_2025,93,2024+2025,12,12,9,11,11,1,11,11,11,11,10,13,12,11,7,12,,,,,,,,,,,,,,,,,,,kbo-player-abilities-2024-2025-v1
51269,두산 베어스,강현구,OF,KBO_2024_2025,2,2025,11,11,11,11,11,1,11,11,11,11,11,11,11,11,8,11,,,,,,,,,,,,,,,,,,,kbo-player-abilities-2024-2025-v1
69238,두산 베어스,김대한,OF,KBO_2024_2025,126,2024+2025,9,10,10,11,10,1,12,11,11,11,10,10,10,11,8,11,,,,,,,,,,,,,,,,,,,kbo-player-abilities-2024-2025-v1
53554,두산 베어스,김민석,OF,KBO_2024_2025,330,2024+2025,9,9,7,9,9,1,12,12,15,11,15,8,13,10,8,11,,,,,,,,,,,,,,,,,,,kbo-player-abilities-2024-2025-v1
63257,두산 베어스,김인태,OF,KBO_2024_2025,251,2024+2025,10,12,15,10,10,1,10,9,11,10,12,9,10,12,11,10,,,,,,,,,,,,,,,,,,,kbo-player-abilities-2024-2025-v1
78224,두산 베어스,김재환,OF,KBO_2024_2025,959,2024+2025,12,16,16,11,11,1,13,12,12,12,12,13,13,14,15,12,,,,,,,,,,,,,,,,,,,kbo-player-abilities-2024-2025-v1
54214,두산 베어스,전다민,OF,KBO_2024_2025,46,2024+2025,10,9,11,10,10,1,12,12,11,11,11,10,11,11,8,11,,,,,,,,,,,,,,,,,,,kbo-player-abilities-2024-2025-v1
79231,두산 베어스,정수빈,OF,KBO_2024_2025,1154,2024+2025,14,11,16,15,14,1,15,13,13,11,12,11,14,15,15,11,,,,,,,,,,,,,,,,,,,kbo-player-abilities-2024-2025-v1
66209,두산 베어스,조수행,OF,KBO_2024_2025,522,2024+2025,12,8,12,13,12,1,15,13,12,12,12,11,11,12,11,10,,,,,,,,,,,,,,,,,,,kbo-player-abilities-2024-2025-v1
52208,두산 베어스,천현재,OF,KBO_2024_2025,3,2025,11,11,11,11,11,1,11,11,11,11,11,11,11,11,9,11,,,,,,,,,,,,,,,,,,,kbo-player-abilities-2024-2025-v1
68362,두산 베어스,추재현,OF,KBO_2024_2025,87,2025,10,10,8,10,9,1,10,10,11,12,11,12,10,10,9,11,,,,,,,,,,,,,,,,,,,kbo-player-abilities-2024-2025-v1
55208,두산 베어스,케이브,OF,KBO_2024_2025,593,2025,15,15,10,14,14,1,14,14,10,10,11,10,10,12,13,13,,,,,,,,,,,,,,,,,,,kbo-player-abilities-2024-2025-v1
66233,두산 베어스,홍성호,OF,KBO_2024_2025,42,2024+2025,12,12,10,11,11,1,11,11,11,11,11,10,11,11,9,11,,,,,,,,,,,,,,,,,,,kbo-player-abilities-2024-2025-v1
72523,두산 베어스,고효준,P,KBO_2024_2025,213,2024+2025,,,,,,,,,,,,,,,,,12,10,8,8,9,9,12,8,8,11,,,,10,10,10,,,kbo-player-abilities-2024-2025-v1
68220,두산 베어스,곽빈,P,KBO_2024_2025,1181,2024+2025,,,,,,,,,,,,,,,,,15,15,14,14,18,16,16,13,15,11,,,10,11,11,,,,kbo-player-abilities-2024-2025-v1
67246,두산 베어스,김명신,P,KBO_2024_2025,211,2024+2025,,,,,,,,,,,,,,,,,10,10,12,10,10,11,9,14,10,9,,,,10,10,10,,,kbo-player-abilities-2024-2025-v1
68200,두산 베어스,김민규,P,KBO_2024_2025,164,2024+2025,,,,,,,,,,,,,,,,,10,10,10,10,11,10,9,9,11,10,,,,10,10,,,,kbo-player-abilities-2024-2025-v1
53262,두산 베어스,김유성,P,KBO_2024_2025,224,2024+2025,,,,,,,,,,,,,,,,,14,12,8,10,12,10,15,7,8,10,,,,10,10,10,,,kbo-player-abilities-2024-2025-v1
68830,두산 베어스,김정우,P,KBO_2024_2025,107,2024+2025,,,,,,,,,,,,,,,,,12,10,11,12,10,10,8,12,11,10,,,10,10,,,,,kbo-player-abilities-2024-2025-v1
54263,두산 베어스,김택연,P,KBO_2024_2025,558,2024+2025,,,,,,,,,,,,,,,,,14,15,12,14,11,15,17,10,16,11,,,10,11,,10,,,kbo-player-abilities-2024-2025-v1
55221,두산 베어스,김한중,P,KBO_2024_2025,8,2025,,,,,,,,,,,,,,,,,12,11,12,11,10,12,10,12,12,10,,,,,,,,,kbo-player-abilities-2024-2025-v1
68269,두산 베어스,김호준,P,KBO_2024_2025,122,2024+2025,,,,,,,,,,,,,,,,,10,8,10,9,9,9,8,10,9,10,9,,10,10,,,,,kbo-player-abilities-2024-2025-v1
68249,두산 베어스,박신지,P,KBO_2024_2025,305,2024+2025,,,,,,,,,,,,,,,,,12,10,11,13,11,9,6,9,14,10,,,10,10,10,,,,kbo-player-abilities-2024-2025-v1
65639,두산 베어스,박정수,P,KBO_2024_2025,256,2024+2025,,,,,,,,,,,,,,,,,9,10,13,13,10,12,7,14,12,9,10,,10,10,10,,,,kbo-player-abilities-2024-2025-v1
54213,두산 베어스,박지호,P,KBO_2024_2025,3,2024,,,,,,,,,,,,,,,,,8,10,9,9,10,10,11,9,8,,,,,,,,,,kbo-player-abilities-2024-2025-v1
67266,두산 베어스,박치국,P,KBO_2024_2025,493,2024+2025,,,,,,,,,,,,,,,,,12,12,13,13,10,14,13,15,14,10,10,,10,10,11,,,,kbo-player-abilities-2024-2025-v1
55215,두산 베어스,양재훈,P,KBO_2024_2025,93,2025,,,,,,,,,,,,,,,,,12,12,12,11,10,13,13,12,13,11,,,,10,10,10,,,kbo-player-abilities-2024-2025-v1
52202,두산 베어스,윤태호,P,KBO_2024_2025,73,2025,,,,,,,,,,,,,,,,,14,12,13,11,11,13,13,13,11,11,,,,10,10,,,,kbo-player-abilities-2024-2025-v1
69205,두산 베어스,이교훈,P,KBO_2024_2025,195,2024+2025,,,,,,,,,,,,,,,,,11,12,11,12,9,12,13,11,13,10,,,10,10,,,,,kbo-player-abilities-2024-2025-v1
52204,두산 베어스,이병헌,P,KBO_2024_2025,341,2024+2025,,,,,,,,,,,,,,,,,11,11,10,12,9,10,11,7,12,10,,,,10,,,,,kbo-player-abilities-2024-2025-v1
64805,두산 베어스,이승진,P,FUTURES_2024_2025,94,2024+2025,,,,,,,,,,,,,,,,,8,8,8,8,8,8,6,10,7,,,,,,,,,,kbo-player-abilities-2024-2025-v1
66291,두산 베어스,이영하,P,KBO_2024_2025,597,2024+2025,,,,,,,,,,,,,,,,,14,14,10,15,11,12,16,7,13,9,,,,10,10,10,,,kbo-player-abilities-2024-2025-v1
55239,두산 베어스,잭로그,P,KBO_2024_2025,722,2025,,,,,,,,,,,,,,,,,10,15,16,16,17,17,15,17,17,11,10,10,10,10,10,,10,,kbo-player-abilities-2024-2025-v1
50211,두산 베어스,제환유,P,KBO_2024_2025,78,2025,,,,,,,,,,,,,,,,,11,9,9,10,11,8,7,8,10,10,,,,10,10,10,,,kbo-player-abilities-2024-2025-v1
55268,두산 베어스,최민석,P,KBO_2024_2025,333,2025,,,,,,,,,,,,,,,,,10,10,12,12,15,10,8,11,12,,10,,,10,,10,,,kbo-player-abilities-2024-2025-v1
51264,두산 베어스,최승용,P,KBO_2024_2025,631,2024+2025,,,,,,,,,,,,,,,,,10,10,14,12,16,12,6,16,13,11,,,,10,9,10,,,kbo-player-abilities-2024-2025-v1
67263,두산 베어스,최원준,P,KBO_2024_2025,946,2024+2025,,,,,,,,,,,,,,,,,10,8,13,7,14,10,6,15,11,10,,,,9,10,10,,,kbo-player-abilities-2024-2025-v1
50206,두산 베어스,최종인,P,KBO_2024_2025,51,2024+2025,,,,,,,,,,,,,,,,,12,12,10,12,9,12,14,9,11,10,,,,10,,,,,kbo-player-abilities-2024-2025-v1
53259,두산 베어스,최준호,P,KBO_2024_2025,388,2024+2025,,,,,,,,,,,,,,,,,11,10,10,8,12,10,10,10,8,10,,,,10,10,10,,,kbo-player-abilities-2024-2025-v1
52206,두산 베어스,최지강,P,KBO_2024_2025,371,2024+2025,,,,,,,,,,,,,,,,,13,13,12,11,10,14,15,13,11,,10,10,10,10,,,10,,kbo-player-abilities-2024-2025-v1
55257,두산 베어스,콜어빈,P,KBO_2024_2025,649,2025,,,,,,,,,,,,,,,,,12,13,10,14,17,11,13,7,11,10,9,10,10,10,11,,10,,kbo-player-abilities-2024-2025-v1
61643,두산 베어스,홍건희,P,KBO_2024_2025,347,2024+2025,,,,,,,,,,,,,,,,,11,10,8,11,10,9,11,7,10,9,,,,10,10,,,,kbo-player-abilities-2024-2025-v1
55267,두산 베어스,홍민규,P,KBO_2024_2025,151,2025,,,,,,,,,,,,,,,,,10,9,11,9,12,9,6,11,11,9,,,10,9,10,,,,kbo-player-abilities-2024-2025-v1
55258,두산 베어스,황희천,P,FUTURES_2024_2025,16,2025,,,,,,,,,,,,,,,,,8,9,8,9,7,8,10,7,9,,,,,,,,,,kbo-player-abilities-2024-2025-v1
54506,롯데 자이언츠,강승구,C,KBO_2024_2025,3,2024+2025,11,11,11,11,11,1,11,11,11,11,11,11,11,11,7,11,,,,,,,,,,,,,,,,,,,kbo-player-abilities-2024-2025-v1
55509,롯데 자이언츠,박건우,C,KBO_2024_2025,3,2025,11,11,11,11,11,1,11,11,11,11,11,11,11,11,7,11,,,,,,,,,,,,,,,,,,,kbo-player-abilities-2024-2025-v1
55563,롯데 자이언츠,박재엽,C,KBO_2024_2025,16,2025,11,12,11,11,11,1,11,11,11,11,11,11,11,11,6,11,,,,,,,,,,,,,,,,,,,kbo-player-abilities-2024-2025-v1
54507,롯데 자이언츠,백두산,C,KBO_2024_2025,1,2024,9,10,9,9,9,1,10,10,9,9,9,9,9,8,7,10,,,,,,,,,,,,,,,,,,,kbo-player-abilities-2024-2025-v1
51528,롯데 자이언츠,손성빈,C,KBO_2024_2025,240,2024+2025,8,11,9,9,8,1,9,9,11,12,13,11,11,10,8,10,,,,,,,,,,,,,,,,,,,kbo-player-abilities-2024-2025-v1
61102,롯데 자이언츠,유강남,C,KBO_2024_2025,505,2024+2025,13,13,11,12,12,1,7,8,12,12,10,13,11,12,13,10,,,,,,,,,,,,,,,,,,,kbo-player-abilities-2024-2025-v1
68518,롯데 자이언츠,정보근,C,KBO_2024_2025,292,2024+2025,8,9,11,8,9,1,9,9,12,12,11,12,11,11,9,10,,,,,,,,,,,,,,,,,,,kbo-player-abilities-2024-2025-v1
69517,롯데 자이언츠,고승민,IF,KBO_2024_2025,1070,2024+2025,15,12,14,14,14,1,12,13,14,14,8,13,13,13,10,11,,,,,,,,,,,,,,,,,,,kbo-player-abilities-2024-2025-v1
77564,롯데 자이언츠,김민성,IF,KBO_2024_2025,338,2024+2025,12,12,15,11,11,1,9,9,10,11,11,12,10,12,13,10,,,,,,,,,,,,,,,,,,,kbo-player-abilities-2024-2025-v1
52514,롯데 자이언츠,김세민,IF,FUTURES_2024_2025,189,2025,10,10,8,10,10,1,10,10,9,9,9,9,9,8,6,10,,,,,,,,,,,,,,,,,,,kbo-player-abilities-2024-2025-v1
51551,롯데 자이언츠,나승엽,IF,KBO_2024_2025,881,2024+2025,13,14,16,13,13,1,9,9,10,11,11,11,9,12,9,10,,,,,,,,,,,,,,,,,,,kbo-player-abilities-2024-2025-v1
62931,롯데 자이언츠,노진혁,IF,KBO_2024_2025,226,2024+2025,11,11,11,11,11,1,10,9,11,11,11,10,11,12,13,11,,,,,,,,,,,,,,,,,,,kbo-player-abilities-2024-2025-v1
62802,롯데 자이언츠,박승욱,IF,KBO_2024_2025,560,2024+2025,9,9,10,9,8,1,12,11,10,12,12,12,10,10,11,10,,,,,,,,,,,,,,,,,,,kbo-player-abilities-2024-2025-v1
55530,롯데 자이언츠,박찬형,IF,KBO_2024_2025,148,2025,15,14,11,13,13,1,11,11,12,11,12,10,12,12,8,12,,,,,,,,,,,,,,,,,,,kbo-player-abilities-2024-2025-v1
50150,롯데 자이언츠,손호영,IF,KBO_2024_2025,805,2024+2025,13,13,8,13,13,1,13,14,9,9,11,9,9,11,11,12,,,,,,,,,,,,,,,,,,,kbo-player-abilities-2024-2025-v1
69508,롯데 자이언츠,신윤후,IF,KBO_2024_2025,48,2024+2025,10,9,9,10,10,1,11,12,11,11,11,11,11,11,10,11,,,,,,,,,,,,,,,,,,,kbo-player-abilities-2024-2025-v1
55511,롯데 자이언츠,이태경,IF,KBO_2024_2025,1,2025,11,11,11,11,11,1,11,11,11,11,11,11,11,11,7,11,,,,,,,,,,,,,,,,,,,kbo-player-abilities-2024-2025-v1
54598,롯데 자이언츠,이호준,IF,KBO_2024_2025,160,2024+2025,11,14,12,11,11,1,11,11,11,10,12,9,10,11,7,12,,,,,,,,,,,,,,,,,,,kbo-player-abilities-2024-2025-v1
68205,롯데 자이언츠,전민재,IF,KBO_2024_2025,645,2024+2025,14,11,9,14,13,1,12,11,8,9,11,10,9,11,10,11,,,,,,,,,,,,,,,,,,,kbo-player-abilities-2024-2025-v1
60523,롯데 자이언츠,정훈,IF,KBO_2024_2025,525,2024+2025,10,12,10,11,10,1,10,10,12,12,12,11,11,10,13,11,,,,,,,,,,,,,,,,,,,kbo-player-abilities-2024-2025-v1
62884,롯데 자이언츠,최항,IF,KBO_2024_2025,150,2024+2025,11,9,11,11,11,1,10,10,11,11,11,11,11,11,10,11,,,,,,,,,,,,,,,,,,,kbo-player-abilities-2024-2025-v1
52568,롯데 자이언츠,한태양,IF,KBO_2024_2025,267,2025,13,12,14,11,12,1,12,12,11,11,11,10,11,12,8,11,,,,,,,,,,,,,,,,,,,kbo-player-abilities-2024-2025-v1
52504,롯데 자이언츠,김동혁,OF,KBO_2024_2025,131,2024+2025,11,10,14,10,11,1,13,12,13,13,13,14,14,12,8,11,,,,,,,,,,,,,,,,,,,kbo-player-abilities-2024-2025-v1
55502,롯데 자이언츠,김동현,OF,FUTURES_2024_2025,318,2025,12,12,13,11,12,1,7,7,9,9,9,9,9,10,7,10,,,,,,,,,,,,,,,,,,,kbo-player-abilities-2024-2025-v1
54529,롯데 자이언츠,레이예스,OF,KBO_2024_2025,1275,2024+2025,18,16,13,16,16,1,11,13,8,10,12,10,9,13,12,12,,,,,,,,,,,,,,,,,,,kbo-player-abilities-2024-2025-v1
52591,롯데 자이언츠,윤동희,OF,KBO_2024_2025,1012,2024+2025,15,16,16,13,14,1,11,12,13,9,10,9,12,13,8,12,,,,,,,,,,,,,,,,,,,kbo-player-abilities-2024-2025-v1
50608,롯데 자이언츠,이인한,OF,KBO_2024_2025,5,2024,9,10,9,9,9,1,10,10,8,8,8,9,9,8,8,10,,,,,,,,,,,,,,,,,,,kbo-player-abilities-2024-2025-v1
68507,롯데 자이언츠,장두성,OF,KBO_2024_2025,321,2024+2025,12,8,11,12,11,1,14,13,10,11,10,10,8,11,10,10,,,,,,,,,,,,,,,,,,,kbo-player-abilities-2024-2025-v1
78513,롯데 자이언츠,전준우,OF,KBO_2024_2025,955,2024+2025,16,15,14,15,15,1,11,12,9,11,13,13,10,14,15,11,,,,,,,,,,,,,,,,,,,kbo-player-abilities-2024-2025-v1
52516,롯데 자이언츠,조세진,OF,KBO_2024_2025,9,2025,11,11,11,11,11,1,11,11,11,11,11,11,11,11,7,11,,,,,,,,,,,,,,,,,,,kbo-player-abilities-2024-2025-v1
55506,롯데 자이언츠,한승현,OF,KBO_2024_2025,19,2025,9,10,10,10,9,1,11,11,11,11,12,12,11,10,6,11,,,,,,,,,,,,,,,,,,,kbo-player-abilities-2024-2025-v1
50500,롯데 자이언츠,황성빈,OF,KBO_2024_2025,679,2024+2025,15,10,10,14,13,1,15,15,8,8,12,8,9,11,10,12,,,,,,,,,,,,,,,,,,,kbo-player-abilities-2024-2025-v1
55532,롯데 자이언츠,감보아,P,KBO_2024_2025,475,2025,,,,,,,,,,,,,,,,,16,15,13,15,17,15,16,11,15,12,,,11,11,10,,,,kbo-player-abilities-2024-2025-v1
63543,롯데 자이언츠,구승민,P,KBO_2024_2025,324,2024+2025,,,,,,,,,,,,,,,,,11,12,10,11,9,11,14,8,10,10,,,,10,,10,,,kbo-player-abilities-2024-2025-v1
65522,롯데 자이언츠,김강현,P,KBO_2024_2025,429,2024+2025,,,,,,,,,,,,,,,,,11,9,13,9,11,11,6,15,13,10,,,10,10,,,,,kbo-player-abilities-2024-2025-v1
68585,롯데 자이언츠,김도규,P,KBO_2024_2025,25,2024,,,,,,,,,,,,,,,,,8,8,7,10,9,8,8,9,7,,,,,,,,,,kbo-player-abilities-2024-2025-v1
76430,롯데 자이언츠,김상수,P,KBO_2024_2025,502,2024+2025,,,,,,,,,,,,,,,,,10,10,11,10,10,10,8,12,9,10,,,10,10,10,10,,,kbo-player-abilities-2024-2025-v1
62528,롯데 자이언츠,김원중,P,KBO_2024_2025,549,2024+2025,,,,,,,,,,,,,,,,,12,15,10,14,11,13,16,9,15,10,,,,10,10,10,,,kbo-player-abilities-2024-2025-v1
51516,롯데 자이언츠,김진욱,P,KBO_2024_2025,524,2024+2025,,,,,,,,,,,,,,,,,10,10,9,6,13,9,12,9,6,10,,,10,10,10,,,,kbo-player-abilities-2024-2025-v1
55566,롯데 자이언츠,김태현,P,KBO_2024_2025,12,2025,,,,,,,,,,,,,,,,,10,11,10,11,11,10,12,9,11,10,,,,,,10,,,kbo-player-abilities-2024-2025-v1
67539,롯데 자이언츠,나균안,P,KBO_2024_2025,981,2024+2025,,,,,,,,,,,,,,,,,10,12,12,10,17,13,13,13,12,10,,10,,10,10,10,,,kbo-player-abilities-2024-2025-v1
64021,롯데 자이언츠,박세웅,P,KBO_2024_2025,1481,2024+2025,,,,,,,,,,,,,,,,,12,13,14,12,18,15,14,16,12,10,,,,10,10,10,,,kbo-player-abilities-2024-2025-v1
66047,롯데 자이언츠,박세진,P,KBO_2024_2025,25,2024,,,,,,,,,,,,,,,,,8,13,12,12,10,12,12,11,12,,,,,,,,,,kbo-player-abilities-2024-2025-v1
55568,롯데 자이언츠,박세현,P,KBO_2024_2025,21,2025,,,,,,,,,,,,,,,,,12,11,11,10,10,11,12,12,9,10,,,,10,,,,,kbo-player-abilities-2024-2025-v1
60559,롯데 자이언츠,박시영,P,KBO_2024_2025,152,2024+2025,,,,,,,,,,,,,,,,,11,12,9,12,9,10,14,7,8,10,10,,,10,,,,,kbo-player-abilities-2024-2025-v1
54503,롯데 자이언츠,박준우,P,KBO_2024_2025,74,2024+2025,,,,,,,,,,,,,,,,,11,11,11,12,10,11,11,11,9,10,,,,10,,10,,,kbo-player-abilities-2024-2025-v1
69594,롯데 자이언츠,박진,P,KBO_2024_2025,516,2024+2025,,,,,,,,,,,,,,,,,11,9,14,9,12,12,9,16,11,10,,10,,10,10,10,,,kbo-player-abilities-2024-2025-v1
63512,롯데 자이언츠,박진형,P,KBO_2024_2025,53,2024+2025,,,,,,,,,,,,,,,,,10,11,11,10,9,11,11,12,10,10,,,,10,,10,,,kbo-player-abilities-2024-2025-v1
55526,롯데 자이언츠,벨라스케즈,P,KBO_2024_2025,168,2025,,,,,,,,,,,,,,,,,13,9,9,7,13,9,10,11,7,11,10,,10,10,10,,,,kbo-player-abilities-2024-2025-v1
51594,롯데 자이언츠,송재영,P,KBO_2024_2025,161,2024+2025,,,,,,,,,,,,,,,,,9,12,8,11,9,10,14,6,11,10,,,,10,,,,,kbo-player-abilities-2024-2025-v1
68067,롯데 자이언츠,신병률,P,FUTURES_2024_2025,342,2024+2025,,,,,,,,,,,,,,,,,8,6,10,8,9,8,4,12,8,,,,,,,,,,kbo-player-abilities-2024-2025-v1
64017,롯데 자이언츠,심재민,P,KBO_2024_2025,15,2025,,,,,,,,,,,,,,,,,9,11,11,11,10,12,11,12,12,10,,,,10,,,,,kbo-player-abilities-2024-2025-v1
67588,롯데 자이언츠,윤성빈,P,KBO_2024_2025,139,2024+2025,,,,,,,,,,,,,,,,,17,13,9,11,10,11,16,7,9,11,,,,11,,12,,,kbo-player-abilities-2024-2025-v1
52530,롯데 자이언츠,이민석,P,KBO_2024_2025,570,2024+2025,,,,,,,,,,,,,,,,,14,8,8,9,16,7,7,6,8,10,,,10,11,10,,,,kbo-player-abilities-2024-2025-v1
51592,롯데 자이언츠,이병준,P,FUTURES_2024_2025,400,2024+2025,,,,,,,,,,,,,,,,,8,9,7,11,11,8,8,7,6,,,,,,,,,,kbo-player-abilities-2024-2025-v1
55503,롯데 자이언츠,이영재,P,KBO_2024_2025,11,2025,,,,,,,,,,,,,,,,,11,11,11,10,10,11,12,13,11,10,,,,,,,,,kbo-player-abilities-2024-2025-v1
68556,롯데 자이언츠,정성종,P,KBO_2024_2025,10,2025,,,,,,,,,,,,,,,,,11,10,11,10,10,11,10,12,11,10,,,,,,,,,kbo-player-abilities-2024-2025-v1
51546,롯데 자이언츠,정우준,P,KBO_2024_2025,56,2024+2025,,,,,,,,,,,,,,,,,11,11,12,11,10,12,12,13,11,10,,,,10,,,,,kbo-player-abilities-2024-2025-v1
68242,롯데 자이언츠,정철원,P,KBO_2024_2025,477,2024+2025,,,,,,,,,,,,,,,,,13,12,11,13,10,12,11,12,12,10,,,,10,,10,,,kbo-player-abilities-2024-2025-v1
54537,롯데 자이언츠,정현수,P,KBO_2024_2025,307,2024+2025,,,,,,,,,,,,,,,,,9,13,11,13,9,13,15,8,14,10,,,10,10,10,,,,kbo-player-abilities-2024-2025-v1
76650,롯데 자이언츠,진해수,P,KBO_2024_2025,128,2024,,,,,,,,,,,,,,,,,8,9,11,9,8,10,10,11,10,,,,,,,,,,kbo-player-abilities-2024-2025-v1
50556,롯데 자이언츠,최준용,P,KBO_2024_2025,339,2024+2025,,,,,,,,,,,,,,,,,14,14,14,13,11,15,16,15,13,11,,10,10,11,11,,,,kbo-player-abilities-2024-2025-v1
62363,롯데 자이언츠,한현희,P,KBO_2024_2025,383,2024+2025,,,,,,,,,,,,,,,,,10,11,13,9,12,13,13,15,11,10,,,,10,,,,,kbo-player-abilities-2024-2025-v1
68260,롯데 자이언츠,현도훈,P,KBO_2024_2025,50,2024,,,,,,,,,,,,,,,,,8,9,10,7,10,9,10,12,7,,,,,,,,,,kbo-player-abilities-2024-2025-v1
50596,롯데 자이언츠,홍민기,P,KBO_2024_2025,153,2024+2025,,,,,,,,,,,,,,,,,14,14,13,15,11,15,16,13,15,11,,,,11,10,,,,kbo-player-abilities-2024-2025-v1
74540,삼성 라이온즈,강민호,C,KBO_2024_2025,917,2024+2025,14,15,12,14,14,1,10,11,11,12,10,13,12,13,15,12,,,,,,,,,,,,,,,,,,,kbo-player-abilities-2024-2025-v1
69442,삼성 라이온즈,김도환,C,KBO_2024_2025,17,2024+2025,10,10,9,11,11,1,11,11,11,11,11,11,11,11,8,11,,,,,,,,,,,,,,,,,,,kbo-player-abilities-2024-2025-v1
72457,삼성 라이온즈,김민수,C,SCOUTING_PRIOR,0,none,10,10,10,10,10,8,7,8,10,10,12,10,10,10,7,8,,,,,,,,,,,,,,,,,,,kbo-player-abilities-2024-2025-v1
65132,삼성 라이온즈,김재성,C,KBO_2024_2025,96,2024+2025,8,9,10,9,9,1,10,9,11,12,12,13,12,11,10,10,,,,,,,,,,,,,,,,,,,kbo-player-abilities-2024-2025-v1
53411,삼성 라이온즈,박진우,C,KBO_2024_2025,1,2025,11,11,11,11,11,1,11,11,11,11,11,11,11,11,7,11,,,,,,,,,,,,,,,,,,,kbo-player-abilities-2024-2025-v1
69428,삼성 라이온즈,이병헌,C,KBO_2024_2025,225,2024+2025,9,10,10,10,10,1,9,9,11,10,10,10,11,11,9,11,,,,,,,,,,,,,,,,,,,kbo-player-abilities-2024-2025-v1
64610,삼성 라이온즈,강한울,IF,KBO_2024_2025,25,2024,10,9,9,10,10,1,9,10,9,9,9,9,9,8,10,9,,,,,,,,,,,,,,,,,,,kbo-player-abilities-2024-2025-v1
68407,삼성 라이온즈,공민규,IF,KBO_2024_2025,17,2024,11,12,12,11,11,1,10,10,9,9,9,9,9,10,8,10,,,,,,,,,,,,,,,,,,,kbo-player-abilities-2024-2025-v1
52430,삼성 라이온즈,김영웅,IF,KBO_2024_2025,1008,2024+2025,10,17,13,10,10,1,14,13,12,11,12,14,14,12,9,13,,,,,,,,,,,,,,,,,,,kbo-player-abilities-2024-2025-v1
54400,삼성 라이온즈,디아즈,IF,KBO_2024_2025,746,2024+2025,16,18,13,15,16,1,10,11,15,13,13,12,14,14,11,13,,,,,,,,,,,,,,,,,,,kbo-player-abilities-2024-2025-v1
62234,삼성 라이온즈,류지혁,IF,KBO_2024_2025,812,2024+2025,14,9,11,13,13,1,13,12,10,12,12,13,11,12,13,10,,,,,,,,,,,,,,,,,,,kbo-player-abilities-2024-2025-v1
75125,삼성 라이온즈,박병호,IF,KBO_2024_2025,638,2024+2025,8,16,14,8,9,1,10,13,11,11,12,10,11,11,13,11,,,,,,,,,,,,,,,,,,,kbo-player-abilities-2024-2025-v1
55438,삼성 라이온즈,심재훈,IF,KBO_2024_2025,43,2025,9,9,10,10,9,1,12,12,11,11,11,12,12,11,6,10,,,,,,,,,,,,,,,,,,,kbo-player-abilities-2024-2025-v1
66406,삼성 라이온즈,안주형,IF,KBO_2024_2025,184,2024+2025,10,11,10,10,10,1,12,12,11,11,11,10,11,11,11,11,,,,,,,,,,,,,,,,,,,kbo-player-abilities-2024-2025-v1
54408,삼성 라이온즈,양도근,IF,KBO_2024_2025,227,2024+2025,12,8,12,12,11,1,13,13,11,10,12,10,10,11,7,10,,,,,,,,,,,,,,,,,,,kbo-player-abilities-2024-2025-v1
69403,삼성 라이온즈,양우현,IF,KBO_2024_2025,31,2024+2025,10,10,9,11,11,1,10,10,11,11,11,11,11,11,8,11,,,,,,,,,,,,,,,,,,,kbo-player-abilities-2024-2025-v1
52415,삼성 라이온즈,이재현,IF,KBO_2024_2025,1013,2024+2025,12,17,16,12,13,1,12,14,10,11,12,10,9,13,9,12,,,,,,,,,,,,,,,,,,,kbo-player-abilities-2024-2025-v1
51407,삼성 라이온즈,이창용,IF,KBO_2024_2025,38,2024+2025,10,12,11,11,10,1,12,11,11,11,11,11,11,11,9,11,,,,,,,,,,,,,,,,,,,kbo-player-abilities-2024-2025-v1
69416,삼성 라이온즈,이해승,IF,KBO_2024_2025,5,2025,11,11,11,11,11,1,11,11,11,11,11,11,11,11,8,11,,,,,,,,,,,,,,,,,,,kbo-player-abilities-2024-2025-v1
65586,삼성 라이온즈,전병우,IF,KBO_2024_2025,225,2024+2025,11,12,14,9,10,1,10,11,12,12,10,13,12,12,11,10,,,,,,,,,,,,,,,,,,,kbo-player-abilities-2024-2025-v1
55435,삼성 라이온즈,차승준,IF,KBO_2024_2025,1,2025,11,11,11,11,11,1,11,11,11,11,11,11,11,11,6,11,,,,,,,,,,,,,,,,,,,kbo-player-abilities-2024-2025-v1
62404,삼성 라이온즈,구자욱,OF,KBO_2024_2025,1184,2024+2025,17,17,16,16,16,1,13,13,9,9,11,8,8,15,14,12,,,,,,,,,,,,,,,,,,,kbo-player-abilities-2024-2025-v1
67449,삼성 라이온즈,김성윤,OF,KBO_2024_2025,627,2024+2025,17,14,16,16,16,1,14,13,10,10,13,10,10,14,11,12,,,,,,,,,,,,,,,,,,,kbo-player-abilities-2024-2025-v1
52424,삼성 라이온즈,김재혁,OF,KBO_2024_2025,58,2024+2025,10,10,11,10,10,1,11,12,11,11,11,11,11,11,8,11,,,,,,,,,,,,,,,,,,,kbo-player-abilities-2024-2025-v1
50458,삼성 라이온즈,김지찬,OF,KBO_2024_2025,908,2024+2025,16,9,15,15,15,1,15,14,11,12,10,12,10,13,9,10,,,,,,,,,,,,,,,,,,,kbo-player-abilities-2024-2025-v1
69207,삼성 라이온즈,김태근,OF,KBO_2024_2025,41,2024+2025,11,10,11,11,11,1,11,11,11,11,11,11,11,11,10,10,,,,,,,,,,,,,,,,,,,kbo-player-abilities-2024-2025-v1
65040,삼성 라이온즈,김태훈,OF,KBO_2024_2025,119,2024+2025,10,10,8,10,9,1,11,11,12,10,11,9,11,10,10,11,,,,,,,,,,,,,,,,,,,kbo-player-abilities-2024-2025-v1
61404,삼성 라이온즈,김헌곤,OF,KBO_2024_2025,502,2024+2025,12,11,10,13,12,1,12,13,11,11,9,13,12,11,12,11,,,,,,,,,,,,,,,,,,,kbo-player-abilities-2024-2025-v1
69418,삼성 라이온즈,박승규,OF,KBO_2024_2025,200,2025,14,14,13,12,13,1,12,12,11,10,12,11,12,13,9,12,,,,,,,,,,,,,,,,,,,kbo-player-abilities-2024-2025-v1
68463,삼성 라이온즈,윤정빈,OF,KBO_2024_2025,234,2024+2025,10,10,12,10,9,1,11,11,11,11,12,12,11,11,9,10,,,,,,,,,,,,,,,,,,,kbo-player-abilities-2024-2025-v1
66409,삼성 라이온즈,이성규,OF,KBO_2024_2025,509,2024+2025,9,16,12,9,10,1,13,13,13,11,13,9,12,11,11,13,,,,,,,,,,,,,,,,,,,kbo-player-abilities-2024-2025-v1
55440,삼성 라이온즈,함수호,OF,KBO_2024_2025,14,2025,10,10,10,10,10,1,11,11,11,11,11,11,11,11,6,11,,,,,,,,,,,,,,,,,,,kbo-player-abilities-2024-2025-v1
67005,삼성 라이온즈,홍현빈,OF,KBO_2024_2025,60,2024+2025,9,10,11,10,9,1,10,10,12,11,10,10,11,11,9,10,,,,,,,,,,,,,,,,,,,kbo-player-abilities-2024-2025-v1
55460,삼성 라이온즈,가라비토,P,KBO_2024_2025,327,2025,,,,,,,,,,,,,,,,,14,14,12,14,15,14,16,9,15,10,11,10,10,11,10,,10,,kbo-player-abilities-2024-2025-v1
55441,삼성 라이온즈,권현우,P,SCOUTING_PRIOR,0,none,,,,,,,,,,,,,,,,,9,10,10,10,10,10,10,10,10,9,,,,10,11,,,,kbo-player-abilities-2024-2025-v1
61365,삼성 라이온즈,김대우,P,KBO_2024_2025,160,2024+2025,,,,,,,,,,,,,,,,,2,10,13,11,9,12,11,13,12,,,,,,,,,,kbo-player-abilities-2024-2025-v1
54401,삼성 라이온즈,김대호,P,KBO_2024_2025,127,2024+2025,,,,,,,,,,,,,,,,,11,10,9,9,12,9,11,8,9,9,,,,10,10,10,,,kbo-player-abilities-2024-2025-v1
68403,삼성 라이온즈,김무신,P,KBO_2024_2025,26,2024,,,,,,,,,,,,,,,,,8,10,9,10,10,9,9,9,9,,,,,,,,,,kbo-player-abilities-2024-2025-v1
65062,삼성 라이온즈,김재윤,P,KBO_2024_2025,526,2024+2025,,,,,,,,,,,,,,,,,11,10,14,9,11,13,10,16,12,11,,,,10,,10,,,kbo-player-abilities-2024-2025-v1
62360,삼성 라이온즈,김태훈,P,KBO_2024_2025,512,2024+2025,,,,,,,,,,,,,,,,,10,14,13,11,10,15,16,13,13,10,,10,,10,,11,10,,kbo-player-abilities-2024-2025-v1
55455,삼성 라이온즈,배찬승,P,KBO_2024_2025,233,2025,,,,,,,,,,,,,,,,,15,14,9,14,9,12,15,6,12,11,,,10,11,,,,,kbo-player-abilities-2024-2025-v1
77446,삼성 라이온즈,백정현,P,KBO_2024_2025,488,2024+2025,,,,,,,,,,,,,,,,,8,13,14,14,13,15,14,16,15,10,,,,10,10,10,,,kbo-player-abilities-2024-2025-v1
73801,삼성 라이온즈,송은범,P,KBO_2024_2025,60,2024+2025,,,,,,,,,,,,,,,,,8,10,12,12,10,11,9,12,12,10,10,,,10,,,,,kbo-player-abilities-2024-2025-v1
68415,삼성 라이온즈,양창섭,P,KBO_2024_2025,276,2025,,,,,,,,,,,,,,,,,12,11,13,14,13,12,9,15,14,10,10,,10,10,10,10,,,kbo-player-abilities-2024-2025-v1
61268,삼성 라이온즈,양현,P,KBO_2024_2025,79,2024+2025,,,,,,,,,,,,,,,,,3,10,10,11,10,10,10,10,11,,10,,,,10,,,,kbo-player-abilities-2024-2025-v1
75421,삼성 라이온즈,오승환,P,KBO_2024_2025,307,2024+2025,,,,,,,,,,,,,,,,,11,10,12,9,9,11,10,14,9,10,,,,10,10,10,,,kbo-player-abilities-2024-2025-v1
69446,삼성 라이온즈,원태인,P,KBO_2024_2025,1341,2024+2025,,,,,,,,,,,,,,,,,11,11,16,10,18,14,8,18,17,10,,10,11,10,11,,,,kbo-player-abilities-2024-2025-v1
54404,삼성 라이온즈,육선엽,P,KBO_2024_2025,220,2024+2025,,,,,,,,,,,,,,,,,10,9,8,9,11,7,8,6,9,10,,10,10,10,10,,,,kbo-player-abilities-2024-2025-v1
63960,삼성 라이온즈,이상민,P,KBO_2024_2025,126,2024+2025,,,,,,,,,,,,,,,,,8,11,13,11,10,13,10,13,13,,,,,,,,,,kbo-player-abilities-2024-2025-v1
50464,삼성 라이온즈,이승민,P,KBO_2024_2025,517,2024+2025,,,,,,,,,,,,,,,,,10,10,11,11,12,11,11,12,12,10,,,10,10,10,,,,kbo-player-abilities-2024-2025-v1
51454,삼성 라이온즈,이승현,P,KBO_2024_2025,855,2024+2025,,,,,,,,,,,,,,,,,8,9,11,10,16,10,8,12,9,10,,10,9,10,10,,10,,kbo-player-abilities-2024-2025-v1
60146,삼성 라이온즈,이승현,P,KBO_2024_2025,426,2024+2025,,,,,,,,,,,,,,,,,10,10,12,7,10,12,11,15,10,10,,,10,10,,,,,kbo-player-abilities-2024-2025-v1
63492,삼성 라이온즈,이재익,P,KBO_2024_2025,89,2024+2025,,,,,,,,,,,,,,,,,10,12,12,12,10,12,11,13,12,,10,,,10,10,,,,kbo-player-abilities-2024-2025-v1
51460,삼성 라이온즈,이재희,P,KBO_2024_2025,39,2025,,,,,,,,,,,,,,,,,12,12,11,13,10,12,13,11,13,10,,,,10,,,,,kbo-player-abilities-2024-2025-v1
53455,삼성 라이온즈,이호성,P,KBO_2024_2025,476,2024+2025,,,,,,,,,,,,,,,,,11,12,10,9,11,12,16,9,10,11,,10,,10,10,,,,kbo-player-abilities-2024-2025-v1
78352,삼성 라이온즈,임창민,P,KBO_2024_2025,316,2024+2025,,,,,,,,,,,,,,,,,9,9,10,7,10,9,8,10,10,10,,,,10,,10,,,kbo-player-abilities-2024-2025-v1
54467,삼성 라이온즈,정민성,P,KBO_2024_2025,7,2025,,,,,,,,,,,,,,,,,11,11,11,11,10,11,11,12,10,10,,,,,,,,,kbo-player-abilities-2024-2025-v1
62146,삼성 라이온즈,최성훈,P,KBO_2024_2025,66,2024+2025,,,,,,,,,,,,,,,,,4,11,10,11,9,12,12,10,11,,,,,,,,,,kbo-player-abilities-2024-2025-v1
65320,삼성 라이온즈,최원태,P,KBO_2024_2025,1106,2024+2025,,,,,,,,,,,,,,,,,11,12,12,11,17,13,13,12,12,10,10,10,10,10,10,,,,kbo-player-abilities-2024-2025-v1
67421,삼성 라이온즈,최지광,P,KBO_2024_2025,154,2024,,,,,,,,,,,,,,,,,8,11,10,11,10,11,11,9,11,,,,,,,,,,kbo-player-abilities-2024-2025-v1
66451,삼성 라이온즈,최충연,P,KBO_2024_2025,15,2025,,,,,,,,,,,,,,,,,9,10,10,9,10,10,10,11,8,10,,,,10,,,,,kbo-player-abilities-2024-2025-v1
68501,삼성 라이온즈,최하늘,P,KBO_2024_2025,139,2024,,,,,,,,,,,,,,,,,8,10,10,11,10,10,9,10,9,,,,,,,,,,kbo-player-abilities-2024-2025-v1
50430,삼성 라이온즈,홍원표,P,KBO_2024_2025,40,2024+2025,,,,,,,,,,,,,,,,,6,11,10,11,10,10,10,10,11,,,,,10,,,,,kbo-player-abilities-2024-2025-v1
50441,삼성 라이온즈,황동재,P,KBO_2024_2025,284,2024+2025,,,,,,,,,,,,,,,,,11,12,10,13,11,11,13,9,9,9,10,,,10,,10,,,kbo-player-abilities-2024-2025-v1
53375,삼성 라이온즈,후라도,P,KBO_2024_2025,1565,2024+2025,,,,,,,,,,,,,,,,,11,13,17,12,19,16,11,18,18,11,10,10,11,10,11,,,,kbo-player-abilities-2024-2025-v1
53312,키움 히어로즈,김건희,C,KBO_2024_2025,627,2024+2025,10,12,6,8,9,1,11,12,10,11,15,10,12,9,8,12,,,,,,,,,,,,,,,,,,,kbo-player-abilities-2024-2025-v1
53344,키움 히어로즈,김동헌,C,KBO_2024_2025,98,2024+2025,12,9,10,11,11,1,10,10,10,10,10,11,11,11,7,10,,,,,,,,,,,,,,,,,,,kbo-player-abilities-2024-2025-v1
62332,키움 히어로즈,김재현,C,KBO_2024_2025,454,2024+2025,10,7,6,10,9,1,11,12,10,10,13,9,11,10,11,11,,,,,,,,,,,,,,,,,,,kbo-player-abilities-2024-2025-v1
53305,키움 히어로즈,박성빈,C,KBO_2024_2025,11,2024,9,9,9,10,9,1,10,10,9,9,9,9,9,8,6,9,,,,,,,,,,,,,,,,,,,kbo-player-abilities-2024-2025-v1
54344,키움 히어로즈,고영우,IF,KBO_2024_2025,316,2024+2025,11,9,11,10,11,1,9,9,11,10,11,10,11,11,8,10,,,,,,,,,,,,,,,,,,,kbo-player-abilities-2024-2025-v1
55371,키움 히어로즈,권혁빈,IF,KBO_2024_2025,24,2025,9,9,10,9,9,1,10,10,10,11,10,12,11,11,6,10,,,,,,,,,,,,,,,,,,,kbo-player-abilities-2024-2025-v1
50304,키움 히어로즈,김병휘,IF,KBO_2024_2025,77,2024+2025,10,11,11,10,10,1,10,10,11,11,11,11,11,11,8,11,,,,,,,,,,,,,,,,,,,kbo-player-abilities-2024-2025-v1
65898,키움 히어로즈,김웅빈,IF,KBO_2024_2025,69,2024+2025,9,9,12,9,9,1,10,10,11,11,11,11,11,11,10,10,,,,,,,,,,,,,,,,,,,kbo-player-abilities-2024-2025-v1
64984,키움 히어로즈,김태진,IF,KBO_2024_2025,506,2024+2025,11,12,9,12,12,1,11,10,12,9,12,9,11,11,11,12,,,,,,,,,,,,,,,,,,,kbo-player-abilities-2024-2025-v1
53309,키움 히어로즈,서유신,IF,KBO_2024_2025,8,2025,11,11,11,11,11,1,11,11,11,11,11,11,11,11,8,11,,,,,,,,,,,,,,,,,,,kbo-player-abilities-2024-2025-v1
65357,키움 히어로즈,송성문,IF,KBO_2024_2025,1248,2024+2025,16,18,15,16,17,1,15,14,13,14,14,14,12,14,12,13,,,,,,,,,,,,,,,,,,,kbo-player-abilities-2024-2025-v1
54394,키움 히어로즈,송지후,IF,KBO_2024_2025,87,2024+2025,9,10,9,9,9,1,10,10,13,12,12,12,12,10,7,11,,,,,,,,,,,,,,,,,,,kbo-player-abilities-2024-2025-v1
55370,키움 히어로즈,양현종,IF,KBO_2024_2025,14,2025,10,10,11,10,11,1,11,11,11,11,11,11,11,11,6,10,,,,,,,,,,,,,,,,,,,kbo-player-abilities-2024-2025-v1
55392,키움 히어로즈,어준서,IF,KBO_2024_2025,360,2025,11,11,11,11,11,1,10,12,8,7,8,7,7,11,7,11,,,,,,,,,,,,,,,,,,,kbo-player-abilities-2024-2025-v1
55393,키움 히어로즈,여동욱,IF,KBO_2024_2025,61,2025,9,11,11,9,9,1,10,10,11,11,10,10,10,10,6,11,,,,,,,,,,,,,,,,,,,kbo-player-abilities-2024-2025-v1
55339,키움 히어로즈,염승원,IF,KBO_2024_2025,21,2025,10,9,10,10,10,1,11,11,11,11,11,11,11,11,6,11,,,,,,,,,,,,,,,,,,,kbo-player-abilities-2024-2025-v1
78756,키움 히어로즈,오선진,IF,KBO_2024_2025,192,2024+2025,10,10,10,9,10,1,9,9,8,10,7,12,9,10,12,10,,,,,,,,,,,,,,,,,,,kbo-player-abilities-2024-2025-v1
75566,키움 히어로즈,이원석,IF,KBO_2024_2025,117,2024+2025,11,10,12,11,11,1,10,10,11,11,11,11,11,11,12,11,,,,,,,,,,,,,,,,,,,kbo-player-abilities-2024-2025-v1
54305,키움 히어로즈,이재상,IF,KBO_2024_2025,91,2024+2025,10,10,9,10,10,1,10,10,11,11,11,11,11,11,7,11,,,,,,,,,,,,,,,,,,,kbo-player-abilities-2024-2025-v1
51302,키움 히어로즈,이주형,IF,KBO_2024_2025,17,2025,10,10,10,11,11,1,11,11,11,11,11,11,11,11,8,10,,,,,,,,,,,,,,,,,,,kbo-player-abilities-2024-2025-v1
55397,키움 히어로즈,전태현,IF,KBO_2024_2025,207,2025,10,8,11,9,9,1,13,14,9,9,9,10,9,11,7,10,,,,,,,,,,,,,,,,,,,kbo-player-abilities-2024-2025-v1
76267,키움 히어로즈,최주환,IF,KBO_2024_2025,1050,2024+2025,14,16,11,15,14,1,8,8,10,11,11,11,11,12,14,11,,,,,,,,,,,,,,,,,,,kbo-player-abilities-2024-2025-v1
66838,키움 히어로즈,김동엽,OF,KBO_2024_2025,50,2024+2025,10,10,10,9,10,1,10,10,11,11,11,11,11,11,12,11,,,,,,,,,,,,,,,,,,,kbo-player-abilities-2024-2025-v1
52305,키움 히어로즈,박수종,OF,KBO_2024_2025,193,2024+2025,10,10,10,10,9,1,13,13,12,11,12,10,12,11,9,11,,,,,,,,,,,,,,,,,,,kbo-player-abilities-2024-2025-v1
50357,키움 히어로즈,박주홍,OF,KBO_2024_2025,342,2024+2025,9,11,13,10,10,1,14,13,14,12,12,9,13,12,9,11,,,,,,,,,,,,,,,,,,,kbo-player-abilities-2024-2025-v1
68305,키움 히어로즈,변상권,OF,KBO_2024_2025,252,2024+2025,11,11,8,12,11,1,10,9,11,11,11,11,11,11,9,11,,,,,,,,,,,,,,,,,,,kbo-player-abilities-2024-2025-v1
54307,키움 히어로즈,원성준,OF,KBO_2024_2025,178,2024+2025,10,12,12,10,10,1,11,12,11,11,10,12,11,11,8,11,,,,,,,,,,,,,,,,,,,kbo-player-abilities-2024-2025-v1
74163,키움 히어로즈,이용규,OF,KBO_2024_2025,268,2024+2025,12,9,12,12,12,1,11,12,11,11,10,10,11,11,12,11,,,,,,,,,,,,,,,,,,,kbo-player-abilities-2024-2025-v1
50167,키움 히어로즈,이주형,OF,KBO_2024_2025,1051,2024+2025,11,14,12,12,12,1,14,14,15,14,9,13,12,11,10,13,,,,,,,,,,,,,,,,,,,kbo-player-abilities-2024-2025-v1
78135,키움 히어로즈,이형종,OF,KBO_2024_2025,208,2024+2025,10,12,14,10,10,1,12,13,11,12,11,12,11,12,13,11,,,,,,,,,,,,,,,,,,,kbo-player-abilities-2024-2025-v1
64346,키움 히어로즈,임병욱,OF,KBO_2024_2025,232,2024+2025,10,11,7,10,10,1,12,13,11,11,9,9,10,10,10,12,,,,,,,,,,,,,,,,,,,kbo-player-abilities-2024-2025-v1
64340,키움 히어로즈,임지열,OF,KBO_2024_2025,474,2024+2025,10,14,13,9,10,1,13,13,16,13,16,10,14,12,12,12,,,,,,,,,,,,,,,,,,,kbo-player-abilities-2024-2025-v1
69332,키움 히어로즈,주성원,OF,KBO_2024_2025,236,2024+2025,10,9,10,9,9,1,13,13,13,11,12,9,12,11,8,11,,,,,,,,,,,,,,,,,,,kbo-player-abilities-2024-2025-v1
54444,키움 히어로즈,카디네스,OF,KBO_2024_2025,386,2024+2025,12,13,12,12,12,1,10,10,13,11,14,8,11,12,10,11,,,,,,,,,,,,,,,,,,,kbo-player-abilities-2024-2025-v1
53164,키움 히어로즈,김동규,P,KBO_2024_2025,53,2024+2025,,,,,,,,,,,,,,,,,14,11,8,9,10,9,12,7,8,10,,,,10,,,,,kbo-player-abilities-2024-2025-v1
55359,키움 히어로즈,김서준,P,KBO_2024_2025,34,2025,,,,,,,,,,,,,,,,,11,9,9,8,11,9,9,10,7,10,,,,10,10,,,,kbo-player-abilities-2024-2025-v1
66018,키움 히어로즈,김선기,P,KBO_2024_2025,738,2024+2025,,,,,,,,,,,,,,,,,10,8,9,10,13,7,5,9,8,9,,,,9,10,10,,,kbo-player-abilities-2024-2025-v1
67828,키움 히어로즈,김성민,P,KBO_2024_2025,301,2024+2025,,,,,,,,,,,,,,,,,6,11,11,13,10,10,10,10,12,,10,,10,,10,,,,kbo-player-abilities-2024-2025-v1
54368,키움 히어로즈,김연주,P,KBO_2024_2025,398,2024+2025,,,,,,,,,,,,,,,,,9,7,9,6,13,8,6,11,7,10,,,10,10,10,,,,kbo-player-abilities-2024-2025-v1
54319,키움 히어로즈,김윤하,P,KBO_2024_2025,785,2024+2025,,,,,,,,,,,,,,,,,11,7,9,6,16,7,5,11,7,10,10,,,10,10,10,,,kbo-player-abilities-2024-2025-v1
69367,키움 히어로즈,김인범,P,KBO_2024_2025,297,2024,,,,,,,,,,,,,,,,,8,8,9,9,11,9,7,10,9,,,,,,,,,,kbo-player-abilities-2024-2025-v1
55342,키움 히어로즈,메르세데스,P,KBO_2024_2025,197,2025,,,,,,,,,,,,,,,,,9,12,14,11,15,14,14,16,13,10,10,,10,10,10,,,,kbo-player-abilities-2024-2025-v1
53301,키움 히어로즈,박윤성,P,KBO_2024_2025,307,2024+2025,,,,,,,,,,,,,,,,,9,10,12,8,11,11,10,13,11,9,,,10,10,10,,,,kbo-player-abilities-2024-2025-v1
55394,키움 히어로즈,박정훈,P,KBO_2024_2025,116,2025,,,,,,,,,,,,,,,,,12,9,8,12,11,7,6,6,8,10,10,,10,10,,,,,kbo-player-abilities-2024-2025-v1
69328,키움 히어로즈,박주성,P,KBO_2024_2025,235,2025,,,,,,,,,,,,,,,,,10,8,12,8,13,9,6,15,9,10,10,,,10,10,10,,,kbo-player-abilities-2024-2025-v1
54363,키움 히어로즈,손현기,P,KBO_2024_2025,87,2024+2025,,,,,,,,,,,,,,,,,11,9,9,9,11,8,8,8,7,10,,,,10,,,,,kbo-player-abilities-2024-2025-v1
55300,키움 히어로즈,손힘찬,P,KBO_2024_2025,22,2025,,,,,,,,,,,,,,,,,8,11,10,12,10,11,12,10,10,10,,,,10,,10,,,kbo-player-abilities-2024-2025-v1
68341,키움 히어로즈,안우진,P,SCOUTING_PRIOR,0,none,,,,,,,,,,,,,,,,,11,10,10,10,10,10,10,10,10,9,,,,12,8,,,,kbo-player-abilities-2024-2025-v1
69045,키움 히어로즈,알칸타라,P,KBO_2024_2025,762,2024+2025,,,,,,,,,,,,,,,,,14,12,16,11,17,15,11,17,16,11,,,,11,,11,,,kbo-player-abilities-2024-2025-v1
67365,키움 히어로즈,양지율,P,KBO_2024_2025,152,2024+2025,,,,,,,,,,,,,,,,,9,9,10,9,9,9,8,11,9,9,10,,,10,,,,,kbo-player-abilities-2024-2025-v1
67116,키움 히어로즈,오석주,P,KBO_2024_2025,344,2024+2025,,,,,,,,,,,,,,,,,8,11,10,13,11,10,10,9,13,10,,,10,10,10,10,,,kbo-player-abilities-2024-2025-v1
76118,키움 히어로즈,원종현,P,KBO_2024_2025,266,2024+2025,,,,,,,,,,,,,,,,,12,10,13,10,10,12,9,14,10,10,10,,,10,,10,,,kbo-player-abilities-2024-2025-v1
52395,키움 히어로즈,윤석원,P,KBO_2024_2025,248,2024+2025,,,,,,,,,,,,,,,,,10,10,12,11,11,12,9,14,10,10,,,10,10,10,,,,kbo-player-abilities-2024-2025-v1
55396,키움 히어로즈,윤현,P,KBO_2024_2025,125,2025,,,,,,,,,,,,,,,,,11,9,8,10,10,6,7,6,6,10,,,,10,10,,,,kbo-player-abilities-2024-2025-v1
50036,키움 히어로즈,이강준,P,KBO_2024_2025,119,2025,,,,,,,,,,,,,,,,,15,12,9,10,10,10,13,8,9,10,11,,,10,,10,,,kbo-player-abilities-2024-2025-v1
55301,키움 히어로즈,이준우,P,KBO_2024_2025,118,2025,,,,,,,,,,,,,,,,,10,9,9,7,9,9,11,11,6,10,,,,10,9,,,,kbo-player-abilities-2024-2025-v1
55382,키움 히어로즈,임진묵,P,KBO_2024_2025,28,2025,,,,,,,,,,,,,,,,,9,10,9,11,10,9,9,9,7,9,,,10,10,,,,,kbo-player-abilities-2024-2025-v1
54362,키움 히어로즈,전준표,P,KBO_2024_2025,258,2024+2025,,,,,,,,,,,,,,,,,13,9,7,9,10,6,7,7,6,10,10,,,10,10,,10,,kbo-player-abilities-2024-2025-v1
55377,키움 히어로즈,정세영,P,KBO_2024_2025,22,2025,,,,,,,,,,,,,,,,,8,11,10,11,9,10,9,10,7,10,,,10,10,,,,,kbo-player-abilities-2024-2025-v1
55313,키움 히어로즈,정현우,P,KBO_2024_2025,384,2025,,,,,,,,,,,,,,,,,9,9,9,10,15,7,7,7,8,10,,,10,10,10,10,,,kbo-player-abilities-2024-2025-v1
69360,키움 히어로즈,조영건,P,KBO_2024_2025,550,2024+2025,,,,,,,,,,,,,,,,,11,8,9,7,12,8,6,10,8,11,,,,10,10,10,,,kbo-player-abilities-2024-2025-v1
52330,키움 히어로즈,주승우,P,KBO_2024_2025,404,2024+2025,,,,,,,,,,,,,,,,,13,11,12,10,11,13,12,13,15,10,10,10,,10,,10,10,,kbo-player-abilities-2024-2025-v1
64350,키움 히어로즈,하영민,P,KBO_2024_2025,1340,2024+2025,,,,,,,,,,,,,,,,,9,12,15,13,18,15,13,16,13,10,,10,,10,10,10,,,kbo-player-abilities-2024-2025-v1
66707,한화 이글스,박상언,C,KBO_2024_2025,52,2024,12,12,12,12,12,1,10,10,9,9,9,9,9,9,8,10,,,,,,,,,,,,,,,,,,,kbo-player-abilities-2024-2025-v1
76812,한화 이글스,이재원,C,KBO_2024_2025,303,2024+2025,10,9,12,12,10,1,11,11,12,11,12,9,11,12,12,11,,,,,,,,,,,,,,,,,,,kbo-player-abilities-2024-2025-v1
51762,한화 이글스,장규현,C,KBO_2024_2025,9,2024+2025,11,11,11,11,11,1,11,11,11,11,11,11,11,11,8,11,,,,,,,,,,,,,,,,,,,kbo-player-abilities-2024-2025-v1
78288,한화 이글스,최재훈,C,KBO_2024_2025,696,2024+2025,15,10,17,14,14,1,10,10,13,13,13,12,11,15,14,9,,,,,,,,,,,,,,,,,,,kbo-player-abilities-2024-2025-v1
55767,한화 이글스,한지윤,C,FUTURES_2024_2025,194,2025,6,10,7,6,7,1,7,8,9,9,9,9,9,8,5,10,,,,,,,,,,,,,,,,,,,kbo-player-abilities-2024-2025-v1
52764,한화 이글스,허인서,C,KBO_2024_2025,30,2025,9,9,9,9,9,1,10,10,12,11,12,11,11,10,7,10,,,,,,,,,,,,,,,,,,,kbo-player-abilities-2024-2025-v1
52769,한화 이글스,권광민,IF,KBO_2024_2025,69,2024+2025,9,12,9,9,10,1,10,10,11,11,11,11,11,10,9,11,,,,,,,,,,,,,,,,,,,kbo-player-abilities-2024-2025-v1
66715,한화 이글스,김인환,IF,KBO_2024_2025,169,2024+2025,9,10,9,8,9,1,9,10,11,11,12,10,11,10,10,11,,,,,,,,,,,,,,,,,,,kbo-player-abilities-2024-2025-v1
69737,한화 이글스,노시환,IF,KBO_2024_2025,1225,2024+2025,13,18,16,13,14,1,13,12,11,9,9,11,12,13,10,13,,,,,,,,,,,,,,,,,,,kbo-player-abilities-2024-2025-v1
53764,한화 이글스,문현빈,IF,KBO_2024_2025,881,2024+2025,17,14,10,15,16,1,13,13,8,8,14,7,9,12,9,13,,,,,,,,,,,,,,,,,,,kbo-player-abilities-2024-2025-v1
50709,한화 이글스,박정현,IF,KBO_2024_2025,2,2025,11,11,11,11,11,1,11,11,11,11,11,11,11,11,8,11,,,,,,,,,,,,,,,,,,,kbo-player-abilities-2024-2025-v1
55798,한화 이글스,배승수,IF,FUTURES_2024_2025,256,2025,7,9,9,7,8,1,9,9,9,9,9,9,9,9,6,9,,,,,,,,,,,,,,,,,,,kbo-player-abilities-2024-2025-v1
64006,한화 이글스,심우준,IF,KBO_2024_2025,467,2024+2025,11,9,9,12,11,1,14,13,12,13,11,14,10,12,12,11,,,,,,,,,,,,,,,,,,,kbo-player-abilities-2024-2025-v1
79608,한화 이글스,안치홍,IF,KBO_2024_2025,729,2024+2025,10,10,11,12,10,1,12,13,11,11,12,11,11,12,13,11,,,,,,,,,,,,,,,,,,,kbo-player-abilities-2024-2025-v1
65703,한화 이글스,이도윤,IF,KBO_2024_2025,651,2024+2025,12,10,7,12,11,1,12,12,12,11,11,12,13,11,11,12,,,,,,,,,,,,,,,,,,,kbo-player-abilities-2024-2025-v1
54706,한화 이글스,이승현,IF,FUTURES_2024_2025,1,2024,8,8,8,8,8,1,8,8,8,8,8,8,8,8,7,9,,,,,,,,,,,,,,,,,,,kbo-player-abilities-2024-2025-v1
51764,한화 이글스,정민규,IF,FUTURES_2024_2025,464,2024+2025,10,11,11,9,10,1,8,10,9,9,9,9,9,9,7,10,,,,,,,,,,,,,,,,,,,kbo-player-abilities-2024-2025-v1
79192,한화 이글스,채은성,IF,KBO_2024_2025,1025,2024+2025,15,17,11,14,14,1,10,10,10,12,9,12,9,12,15,13,,,,,,,,,,,,,,,,,,,kbo-player-abilities-2024-2025-v1
62700,한화 이글스,하주석,IF,KBO_2024_2025,456,2024+2025,14,12,8,12,13,1,10,11,8,12,8,16,10,10,11,12,,,,,,,,,,,,,,,,,,,kbo-player-abilities-2024-2025-v1
54795,한화 이글스,황영묵,IF,KBO_2024_2025,675,2024+2025,15,10,11,15,14,1,12,10,9,11,12,11,9,11,10,11,,,,,,,,,,,,,,,,,,,kbo-player-abilities-2024-2025-v1
66704,한화 이글스,김태연,OF,KBO_2024_2025,812,2024+2025,14,12,11,12,13,1,12,12,7,8,10,9,7,11,10,11,,,,,,,,,,,,,,,,,,,kbo-player-abilities-2024-2025-v1
55703,한화 이글스,리베라토,OF,KBO_2024_2025,273,2025,14,16,12,14,14,1,11,11,12,10,14,9,11,13,11,12,,,,,,,,,,,,,,,,,,,kbo-player-abilities-2024-2025-v1
77532,한화 이글스,손아섭,OF,KBO_2024_2025,771,2024+2025,15,11,11,15,14,1,12,10,13,12,11,13,14,14,15,10,,,,,,,,,,,,,,,,,,,kbo-player-abilities-2024-2025-v1
69766,한화 이글스,유로결,OF,KBO_2024_2025,55,2024+2025,9,9,9,10,10,1,11,12,11,11,11,11,11,11,8,11,,,,,,,,,,,,,,,,,,,kbo-player-abilities-2024-2025-v1
55710,한화 이글스,이민재,OF,KBO_2024_2025,4,2025,11,11,11,11,11,1,11,11,11,11,11,11,11,11,7,11,,,,,,,,,,,,,,,,,,,kbo-player-abilities-2024-2025-v1
52704,한화 이글스,이상혁,OF,KBO_2024_2025,27,2024+2025,10,10,10,11,11,1,12,11,11,11,11,11,11,11,8,11,,,,,,,,,,,,,,,,,,,kbo-player-abilities-2024-2025-v1
68700,한화 이글스,이원석,OF,KBO_2024_2025,402,2024+2025,10,10,13,11,10,1,14,13,13,11,13,11,13,12,10,11,,,,,,,,,,,,,,,,,,,kbo-player-abilities-2024-2025-v1
66657,한화 이글스,이진영,OF,KBO_2024_2025,469,2024+2025,13,15,13,10,11,1,10,11,9,9,11,10,8,12,10,12,,,,,,,,,,,,,,,,,,,kbo-player-abilities-2024-2025-v1
50704,한화 이글스,임종찬,OF,KBO_2024_2025,99,2024+2025,9,12,12,10,9,1,12,12,10,10,10,10,11,11,8,11,,,,,,,,,,,,,,,,,,,kbo-player-abilities-2024-2025-v1
50707,한화 이글스,최인호,OF,KBO_2024_2025,403,2024+2025,13,12,13,13,13,1,12,13,10,11,12,12,11,12,8,11,,,,,,,,,,,,,,,,,,,kbo-player-abilities-2024-2025-v1
50705,한화 이글스,강재민,P,KBO_2024_2025,20,2025,,,,,,,,,,,,,,,,,10,11,11,10,10,11,12,11,10,10,,,,10,,,,,kbo-player-abilities-2024-2025-v1
55764,한화 이글스,권민규,P,KBO_2024_2025,28,2025,,,,,,,,,,,,,,,,,9,10,9,10,10,9,11,8,9,10,,,,10,,,,,kbo-player-abilities-2024-2025-v1
51715,한화 이글스,김기중,P,KBO_2024_2025,352,2024+2025,,,,,,,,,,,,,,,,,10,10,11,12,13,10,7,12,11,9,,,10,10,10,10,10,,kbo-player-abilities-2024-2025-v1
54705,한화 이글스,김도빈,P,KBO_2024_2025,5,2024,,,,,,,,,,,,,,,,,8,12,10,11,10,11,13,8,11,,,,,,,,,,kbo-player-abilities-2024-2025-v1
65764,한화 이글스,김민우,P,KBO_2024_2025,49,2024,,,,,,,,,,,,,,,,,8,11,10,10,10,10,11,10,11,,,,,,,,,,kbo-player-abilities-2024-2025-v1
65769,한화 이글스,김범수,P,KBO_2024_2025,352,2024+2025,,,,,,,,,,,,,,,,,12,13,11,15,9,13,15,9,16,10,,,,10,10,10,,,kbo-player-abilities-2024-2025-v1
53754,한화 이글스,김서현,P,KBO_2024_2025,458,2024+2025,,,,,,,,,,,,,,,,,16,15,11,15,11,14,16,9,15,10,10,,11,11,,,,,kbo-player-abilities-2024-2025-v1
50711,한화 이글스,김승일,P,KBO_2024_2025,30,2024+2025,,,,,,,,,,,,,,,,,11,10,10,10,9,10,12,10,8,10,,,,,10,,,,kbo-player-abilities-2024-2025-v1
63765,한화 이글스,김종수,P,KBO_2024_2025,282,2025,,,,,,,,,,,,,,,,,11,13,10,13,11,12,14,7,13,10,,,,10,10,10,,,kbo-player-abilities-2024-2025-v1
76715,한화 이글스,류현진,P,KBO_2024_2025,1253,2024+2025,,,,,,,,,,,,,,,,,9,14,16,13,18,17,15,18,17,11,,10,11,,10,,,,kbo-player-abilities-2024-2025-v1
52701,한화 이글스,문동주,P,KBO_2024_2025,1003,2024+2025,,,,,,,,,,,,,,,,,15,15,15,14,17,17,17,17,15,11,10,,,11,11,11,,,kbo-player-abilities-2024-2025-v1
67703,한화 이글스,박상원,P,KBO_2024_2025,572,2024+2025,,,,,,,,,,,,,,,,,12,13,15,14,11,14,11,15,14,10,,,,10,,10,,,kbo-player-abilities-2024-2025-v1
52731,한화 이글스,박준영,P,KBO_2024_2025,24,2025,,,,,,,,,,,,,,,,,12,11,10,12,13,10,10,8,11,10,,,,10,,,,,kbo-player-abilities-2024-2025-v1
51761,한화 이글스,배동현,P,FUTURES_2024_2025,286,2024+2025,,,,,,,,,,,,,,,,,8,12,13,9,9,13,13,13,13,,,,,,,,,,kbo-player-abilities-2024-2025-v1
69974,한화 이글스,배민서,P,KBO_2024_2025,11,2024,,,,,,,,,,,,,,,,,8,12,13,13,11,13,12,13,14,,,,,,,,,,kbo-player-abilities-2024-2025-v1
65056,한화 이글스,엄상백,P,KBO_2024_2025,1054,2024+2025,,,,,,,,,,,,,,,,,11,11,12,7,15,11,14,13,8,10,11,10,10,10,10,,,,kbo-player-abilities-2024-2025-v1
54755,한화 이글스,와이스,P,KBO_2024_2025,1109,2024+2025,,,,,,,,,,,,,,,,,15,16,16,15,18,17,18,16,17,11,,,10,11,10,,11,,kbo-player-abilities-2024-2025-v1
54702,한화 이글스,원종혁,P,KBO_2024_2025,10,2025,,,,,,,,,,,,,,,,,15,10,10,10,10,10,11,11,10,10,,,,,,,,,kbo-player-abilities-2024-2025-v1
63464,한화 이글스,윤대경,P,KBO_2024_2025,40,2024,,,,,,,,,,,,,,,,,8,11,11,12,10,11,8,11,12,,,,,,,,,,kbo-player-abilities-2024-2025-v1
69213,한화 이글스,윤산흠,P,KBO_2024_2025,73,2025,,,,,,,,,,,,,,,,,14,12,12,13,11,13,13,13,13,10,,,,10,10,,,,kbo-player-abilities-2024-2025-v1
65616,한화 이글스,이민우,P,KBO_2024_2025,235,2024,,,,,,,,,,,,,,,,,8,12,13,11,9,13,13,13,14,,,,,,,,,,kbo-player-abilities-2024-2025-v1
65117,한화 이글스,이상규,P,KBO_2024_2025,196,2024+2025,,,,,,,,,,,,,,,,,10,10,11,11,11,11,9,12,9,10,,10,10,10,10,,,,kbo-player-abilities-2024-2025-v1
60768,한화 이글스,이태양,P,KBO_2024_2025,99,2024+2025,,,,,,,,,,,,,,,,,8,11,11,11,10,11,9,12,11,10,,10,,10,,10,,,kbo-player-abilities-2024-2025-v1
79764,한화 이글스,장민재,P,KBO_2024_2025,138,2024,,,,,,,,,,,,,,,,,8,11,14,10,11,13,12,15,14,,,,,,,,,,kbo-player-abilities-2024-2025-v1
77318,한화 이글스,장시환,P,KBO_2024_2025,156,2024,,,,,,,,,,,,,,,,,8,11,10,11,10,11,13,9,11,,,,,,,,,,kbo-player-abilities-2024-2025-v1
69645,한화 이글스,장지수,P,KBO_2024_2025,75,2024,,,,,,,,,,,,,,,,,8,12,10,12,10,11,11,9,10,,,,,,,,,,kbo-player-abilities-2024-2025-v1
55743,한화 이글스,정우주,P,KBO_2024_2025,228,2025,,,,,,,,,,,,,,,,,15,14,13,12,11,15,17,12,16,12,,,,10,10,,,,kbo-player-abilities-2024-2025-v1
54768,한화 이글스,조동욱,P,KBO_2024_2025,481,2024+2025,,,,,,,,,,,,,,,,,11,10,10,11,11,10,7,11,11,10,,,10,9,,,,,kbo-player-abilities-2024-2025-v1
65707,한화 이글스,주현상,P,KBO_2024_2025,460,2024+2025,,,,,,,,,,,,,,,,,11,12,14,8,11,13,13,17,12,10,,,10,10,10,,,,kbo-player-abilities-2024-2025-v1
55730,한화 이글스,폰세,P,KBO_2024_2025,697,2025,,,,,,,,,,,,,,,,,16,16,16,16,17,17,18,17,18,12,11,9,12,11,12,10,,,kbo-player-abilities-2024-2025-v1
61666,한화 이글스,한승혁,P,KBO_2024_2025,558,2024+2025,,,,,,,,,,,,,,,,,13,14,12,15,10,14,13,12,15,10,,,,10,10,10,,,kbo-player-abilities-2024-2025-v1
54729,한화 이글스,황준서,P,KBO_2024_2025,583,2024+2025,,,,,,,,,,,,,,,,,10,13,10,10,14,12,15,9,11,10,,,,10,10,10,,,kbo-player-abilities-2024-2025-v1
DRAFT-2025-024,롯데 자이언츠,김현우,P,SCOUTING_PRIOR,0,none,,,,,,,,,,,,,,,,,12,11,12,10,11,11,11,12,11,13,,,,13,10,,,,kbo-player-abilities-2024-2025-v1
DRAFT-2025-039,KT 위즈,박준혁,P,SCOUTING_PRIOR,0,none,,,,,,,,,,,,,,,,,9,10,12,12,12,11,10,12,12,9,,,,10,12,,,,kbo-player-abilities-2024-2025-v1
DRAFT-2025-042,한화 이글스,이동영,P,SCOUTING_PRIOR,0,none,,,,,,,,,,,,,,,,,8,9,10,10,10,10,9,10,10,9,,,,8,7,,,,kbo-player-abilities-2024-2025-v1
DRAFT-2025-047,NC 다이노스,유재현,IF,SCOUTING_PRIOR,0,none,11,11,10,11,11,7,10,10,9,5,9,9,9,10,7,10,,,,,,,,,,,,,,,,,,,kbo-player-abilities-2024-2025-v1
DRAFT-2025-048,SSG 랜더스,이원준,OF,SCOUTING_PRIOR,0,none,11,11,9,10,11,6,11,10,9,5,11,9,9,9,7,11,,,,,,,,,,,,,,,,,,,kbo-player-abilities-2024-2025-v1
DRAFT-2025-052,한화 이글스,박상현,P,SCOUTING_PRIOR,0,none,,,,,,,,,,,,,,,,,9,10,9,9,11,9,10,9,9,11,,,,12,12,,,,kbo-player-abilities-2024-2025-v1
DRAFT-2025-053,삼성 라이온즈,이진용,OF,SCOUTING_PRIOR,0,none,10,11,9,10,10,7,12,10,10,5,10,10,10,9,7,12,,,,,,,,,,,,,,,,,,,kbo-player-abilities-2024-2025-v1
DRAFT-2025-055,KIA 타이거즈,최건희,P,SCOUTING_PRIOR,0,none,,,,,,,,,,,,,,,,,8,10,10,10,10,10,10,10,10,10,,,,12,9,,,,kbo-player-abilities-2024-2025-v1
DRAFT-2025-056,두산 베어스,한다현,IF,SCOUTING_PRIOR,0,none,9,9,11,10,9,6,8,10,10,5,9,10,10,11,7,8,,,,,,,,,,,,,,,,,,,kbo-player-abilities-2024-2025-v1
DRAFT-2025-062,한화 이글스,이지성,IF,SCOUTING_PRIOR,0,none,10,9,9,10,10,8,13,11,10,5,9,10,10,9,7,11,,,,,,,,,,,,,,,,,,,kbo-player-abilities-2024-2025-v1
DRAFT-2025-063,삼성 라이온즈,홍준영,P,SCOUTING_PRIOR,0,none,,,,,,,,,,,,,,,,,12,10,10,8,9,9,10,10,9,10,,,,11,12,,,,kbo-player-abilities-2024-2025-v1
DRAFT-2025-065,KIA 타이거즈,나연우,P,SCOUTING_PRIOR,0,none,,,,,,,,,,,,,,,,,9,10,9,8,9,9,10,9,8,12,,,,8,11,,,,kbo-player-abilities-2024-2025-v1
DRAFT-2025-067,NC 다이노스,정현창,IF,SCOUTING_PRIOR,0,none,9,9,9,9,9,8,7,8,9,5,8,9,9,9,7,8,,,,,,,,,,,,,,,,,,,kbo-player-abilities-2024-2025-v1
DRAFT-2025-068,SSG 랜더스,김현재,P,SCOUTING_PRIOR,0,none,,,,,,,,,,,,,,,,,11,9,10,10,9,10,9,10,10,7,,,,8,9,,,,kbo-player-abilities-2024-2025-v1
DRAFT-2025-069,KT 위즈,이용현,IF,SCOUTING_PRIOR,0,none,10,10,10,10,10,6,9,10,10,5,9,10,10,10,7,10,,,,,,,,,,,,,,,,,,,kbo-player-abilities-2024-2025-v1
DRAFT-2025-072,한화 이글스,엄상현,P,SCOUTING_PRIOR,0,none,,,,,,,,,,,,,,,,,9,8,8,10,8,9,8,8,9,7,,,,8,6,,,,kbo-player-abilities-2024-2025-v1
DRAFT-2025-073,삼성 라이온즈,천겸,P,SCOUTING_PRIOR,0,none,,,,,,,,,,,,,,,,,6,8,8,10,8,9,8,8,9,6,,,,8,8,,,,kbo-player-abilities-2024-2025-v1
DRAFT-2025-074,롯데 자이언츠,최민규,IF,SCOUTING_PRIOR,0,none,10,10,10,10,10,9,8,9,10,5,9,10,10,10,7,9,,,,,,,,,,,,,,,,,,,kbo-player-abilities-2024-2025-v1
DRAFT-2025-075,KIA 타이거즈,임다온,P,SCOUTING_PRIOR,0,none,,,,,,,,,,,,,,,,,9,9,9,10,8,9,9,9,10,7,,,,11,7,,,,kbo-player-abilities-2024-2025-v1
DRAFT-2025-077,NC 다이노스,신민우,C,SCOUTING_PRIOR,0,none,9,9,9,9,9,5,13,11,9,9,8,9,9,9,7,11,,,,,,,,,,,,,,,,,,,kbo-player-abilities-2024-2025-v1
DRAFT-2025-078,SSG 랜더스,이도우,P,SCOUTING_PRIOR,0,none,,,,,,,,,,,,,,,,,11,9,9,10,8,9,9,9,10,11,,,,8,7,,,,kbo-player-abilities-2024-2025-v1
DRAFT-2025-079,KT 위즈,윤상인,P,SCOUTING_PRIOR,0,none,,,,,,,,,,,,,,,,,9,8,10,10,10,9,8,10,10,7,,,,6,7,,,,kbo-player-abilities-2024-2025-v1
DRAFT-2025-080,LG 트윈스,우정안,IF,SCOUTING_PRIOR,0,none,9,10,10,9,9,7,12,11,10,5,8,10,10,10,7,11,,,,,,,,,,,,,,,,,,,kbo-player-abilities-2024-2025-v1
DRAFT-2025-082,한화 이글스,엄요셉,P,SCOUTING_PRIOR,0,none,,,,,,,,,,,,,,,,,5,7,8,8,8,8,7,8,8,8,,,,5,7,,,,kbo-player-abilities-2024-2025-v1
DRAFT-2025-083,삼성 라이온즈,우승완,P,SCOUTING_PRIOR,0,none,,,,,,,,,,,,,,,,,5,7,9,9,9,8,7,9,9,9,,,,9,8,,,,kbo-player-abilities-2024-2025-v1
DRAFT-2025-085,KIA 타이거즈,엄준현,IF,SCOUTING_PRIOR,0,none,7,9,9,8,7,8,13,11,7,5,6,7,7,9,7,11,,,,,,,,,,,,,,,,,,,kbo-player-abilities-2024-2025-v1
DRAFT-2025-086,두산 베어스,주양준,OF,SCOUTING_PRIOR,0,none,7,8,9,8,7,7,8,8,8,5,10,8,8,9,7,8,,,,,,,,,,,,,,,,,,,kbo-player-abilities-2024-2025-v1
DRAFT-2025-089,KT 위즈,이정환,C,SCOUTING_PRIOR,0,none,9,9,7,8,9,7,12,10,7,7,5,7,7,7,7,10,,,,,,,,,,,,,,,,,,,kbo-player-abilities-2024-2025-v1
DRAFT-2025-090,LG 트윈스,안시후,P,SCOUTING_PRIOR,0,none,,,,,,,,,,,,,,,,,7,7,7,8,7,7,7,7,8,8,,,,8,7,,,,kbo-player-abilities-2024-2025-v1
DRAFT-2025-091,키움 히어로즈,오혜성,P,SCOUTING_PRIOR,0,none,,,,,,,,,,,,,,,,,9,9,8,8,8,8,9,8,8,8,,,,11,8,,,,kbo-player-abilities-2024-2025-v1
DRAFT-2025-092,한화 이글스,최주원,P,SCOUTING_PRIOR,0,none,,,,,,,,,,,,,,,,,6,7,7,9,7,8,7,7,8,5,,,,8,7,,,,kbo-player-abilities-2024-2025-v1
DRAFT-2025-093,삼성 라이온즈,강민성,IF,SCOUTING_PRIOR,0,none,7,8,7,7,7,9,8,8,9,5,9,9,9,7,7,8,,,,,,,,,,,,,,,,,,,kbo-player-abilities-2024-2025-v1
DRAFT-2025-094,롯데 자이언츠,김태균,P,SCOUTING_PRIOR,0,none,,,,,,,,,,,,,,,,,8,8,7,9,8,8,8,7,8,9,,,,8,10,,,,kbo-player-abilities-2024-2025-v1
DRAFT-2025-096,두산 베어스,연서준,P,SCOUTING_PRIOR,0,none,,,,,,,,,,,,,,,,,9,7,9,9,7,8,7,9,9,9,,,,6,6,,,,kbo-player-abilities-2024-2025-v1
DRAFT-2025-097,NC 다이노스,양가온솔,OF,SCOUTING_PRIOR,0,none,9,9,7,8,9,8,12,10,7,5,7,7,7,7,7,10,,,,,,,,,,,,,,,,,,,kbo-player-abilities-2024-2025-v1
DRAFT-2025-098,SSG 랜더스,한지헌,P,SCOUTING_PRIOR,0,none,,,,,,,,,,,,,,,,,9,8,8,7,8,8,8,8,8,9,,,,7,10,,,,kbo-player-abilities-2024-2025-v1
DRAFT-2025-099,KT 위즈,정영웅,OF,SCOUTING_PRIOR,0,none,9,9,8,9,9,9,12,10,7,5,7,7,7,8,7,10,,,,,,,,,,,,,,,,,,,kbo-player-abilities-2024-2025-v1
DRAFT-2025-100,LG 트윈스,고영웅,P,SCOUTING_PRIOR,0,none,,,,,,,,,,,,,,,,,9,7,8,8,8,8,7,8,8,9,,,,8,5,,,,kbo-player-abilities-2024-2025-v1
DRAFT-2025-101,키움 히어로즈,정동준,P,SCOUTING_PRIOR,0,none,,,,,,,,,,,,,,,,,9,7,8,8,6,8,7,8,8,9,,,,9,5,,,,kbo-player-abilities-2024-2025-v1
DRAFT-2025-103,삼성 라이온즈,진희성,P,SCOUTING_PRIOR,0,none,,,,,,,,,,,,,,,,,6,7,6,8,7,7,7,6,7,5,,,,7,8,,,,kbo-player-abilities-2024-2025-v1
DRAFT-2025-104,롯데 자이언츠,조영우,P,SCOUTING_PRIOR,0,none,,,,,,,,,,,,,,,,,5,6,7,6,7,6,6,7,6,4,,,,6,4,,,,kbo-player-abilities-2024-2025-v1
DRAFT-2025-106,두산 베어스,최우혁,P,SCOUTING_PRIOR,0,none,,,,,,,,,,,,,,,,,4,6,6,6,6,6,6,6,6,8,,,,7,7,,,,kbo-player-abilities-2024-2025-v1
DRAFT-2025-107,NC 다이노스,조창연,C,SCOUTING_PRIOR,0,none,8,8,8,8,8,5,10,9,6,6,5,6,6,8,7,9,,,,,,,,,,,,,,,,,,,kbo-player-abilities-2024-2025-v1
DRAFT-2025-108,SSG 랜더스,도재현,P,SCOUTING_PRIOR,0,none,,,,,,,,,,,,,,,,,6,7,7,6,7,7,7,7,6,5,,,,6,6,,,,kbo-player-abilities-2024-2025-v1
DRAFT-2025-109,KT 위즈,이승준,IF,SCOUTING_PRIOR,0,none,8,8,7,8,8,7,7,7,8,5,9,8,8,7,7,8,,,,,,,,,,,,,,,,,,,kbo-player-abilities-2024-2025-v1
DRAFT-2025-110,LG 트윈스,성준서,P,SCOUTING_PRIOR,0,none,,,,,,,,,,,,,,,,,8,6,7,7,6,7,6,7,7,7,,,,6,4,,,,kbo-player-abilities-2024-2025-v1
