season,kbo_player_id,team_at_salary,player_name,salary_10k_krw,coverage,source_url,source_note
2025,72443,KIA 타이거즈,최형우,100000,team_top_salary,https://www.koreabaseball.com/MediaNews/Notice/View.aspx?bdSe=11394,KBO 2025 구단별 선수연봉 상위 5걸
2025,62947,KIA 타이거즈,나성범,80000,team_top_salary,https://www.koreabaseball.com/MediaNews/Notice/View.aspx?bdSe=11394,KBO 2025 구단별 선수연봉 상위 5걸
2025,78122,KIA 타이거즈,김태군,70000,team_top_salary,https://www.koreabaseball.com/MediaNews/Notice/View.aspx?bdSe=11394,KBO 2025 구단별 선수연봉 상위 5걸
2025,78603,KIA 타이거즈,김선빈,60000,team_top_salary,https://www.koreabaseball.com/MediaNews/Notice/View.aspx?bdSe=11394,KBO 2025 구단별 선수연봉 상위 5걸
2025,52605,KIA 타이거즈,김도영,50000,team_top_salary,https://www.koreabaseball.com/MediaNews/Notice/View.aspx?bdSe=11394,KBO 2025 구단별 선수연봉 상위 5걸
2025,62404,삼성 라이온즈,구자욱,200000,team_top_salary,https://www.koreabaseball.com/MediaNews/Notice/View.aspx?bdSe=11394,KBO 2025 구단별 선수연봉 상위 5걸
2025,62234,삼성 라이온즈,류지혁,60000,team_top_salary,https://www.koreabaseball.com/MediaNews/Notice/View.aspx?bdSe=11394,KBO 2025 구단별 선수연봉 상위 5걸
2025,74540,삼성 라이온즈,강민호,40000,team_top_salary,https://www.koreabaseball.com/MediaNews/Notice/View.aspx?bdSe=11394,KBO 2025 구단별 선수연봉 상위 5걸
2025,79365,LG 트윈스,박동원,120000,team_top_salary,https://www.koreabaseball.com/MediaNews/Notice/View.aspx?bdSe=11394,KBO 2025 구단별 선수연봉 상위 5걸
2025,66108,LG 트윈스,홍창기,65000,team_top_salary,https://www.koreabaseball.com/MediaNews/Notice/View.aspx?bdSe=11394,KBO 2025 구단별 선수연봉 상위 5걸
2025,62415,LG 트윈스,박해민,60000,team_top_salary,https://www.koreabaseball.com/MediaNews/Notice/View.aspx?bdSe=11394,KBO 2025 구단별 선수연봉 상위 5걸
2025,76290,LG 트윈스,김현수,50000,team_top_salary,https://www.koreabaseball.com/MediaNews/Notice/View.aspx?bdSe=11394,KBO 2025 구단별 선수연봉 상위 5걸
2025,69102,LG 트윈스,문보경,41000,team_top_salary,https://www.koreabaseball.com/MediaNews/Notice/View.aspx?bdSe=11394,KBO 2025 구단별 선수연봉 상위 5걸
2025,76232,두산 베어스,양의지,160000,team_top_salary,https://www.koreabaseball.com/MediaNews/Notice/View.aspx?bdSe=11394,KBO 2025 구단별 선수연봉 상위 5걸
2025,78224,두산 베어스,김재환,100000,team_top_salary,https://www.koreabaseball.com/MediaNews/Notice/View.aspx?bdSe=11394,KBO 2025 구단별 선수연봉 상위 5걸
2025,79231,두산 베어스,정수빈,60000,team_top_salary,https://www.koreabaseball.com/MediaNews/Notice/View.aspx?bdSe=11394,KBO 2025 구단별 선수연봉 상위 5걸
2025,63123,두산 베어스,강승호,37000,team_top_salary,https://www.koreabaseball.com/MediaNews/Notice/View.aspx?bdSe=11394,KBO 2025 구단별 선수연봉 상위 5걸
2025,68050,KT 위즈,강백호,70000,team_top_salary,https://www.koreabaseball.com/MediaNews/Notice/View.aspx?bdSe=11394,KBO 2025 구단별 선수연봉 상위 5걸
2025,78548,KT 위즈,장성우,50000,team_top_salary,https://www.koreabaseball.com/MediaNews/Notice/View.aspx?bdSe=11394,KBO 2025 구단별 선수연봉 상위 5걸
2025,76313,KT 위즈,황재균,50000,team_top_salary,https://www.koreabaseball.com/MediaNews/Notice/View.aspx?bdSe=11394,KBO 2025 구단별 선수연봉 상위 5걸
2025,64166,KT 위즈,배정대,34000,team_top_salary,https://www.koreabaseball.com/MediaNews/Notice/View.aspx?bdSe=11394,KBO 2025 구단별 선수연봉 상위 5걸
2025,79402,KT 위즈,김상수,30000,team_top_salary,https://www.koreabaseball.com/MediaNews/Notice/View.aspx?bdSe=11394,KBO 2025 구단별 선수연봉 상위 5걸
2025,79240,KT 위즈,허경민,30000,team_top_salary,https://www.koreabaseball.com/MediaNews/Notice/View.aspx?bdSe=11394,KBO 2025 구단별 선수연봉 상위 5걸
2025,64004,KT 위즈,김민혁,30000,team_top_salary,https://www.koreabaseball.com/MediaNews/Notice/View.aspx?bdSe=11394,KBO 2025 구단별 선수연봉 상위 5걸
2025,75847,SSG 랜더스,최정,170000,team_top_salary,https://www.koreabaseball.com/MediaNews/Notice/View.aspx?bdSe=11394,KBO 2025 구단별 선수연봉 상위 5걸
2025,62895,SSG 랜더스,한유섬,90000,team_top_salary,https://www.koreabaseball.com/MediaNews/Notice/View.aspx?bdSe=11394,KBO 2025 구단별 선수연봉 상위 5걸
2025,61102,롯데 자이언츠,유강남,110000,team_top_salary,https://www.koreabaseball.com/MediaNews/Notice/View.aspx?bdSe=11394,KBO 2025 구단별 선수연봉 상위 5걸
2025,62931,롯데 자이언츠,노진혁,70000,team_top_salary,https://www.koreabaseball.com/MediaNews/Notice/View.aspx?bdSe=11394,KBO 2025 구단별 선수연봉 상위 5걸
2025,78513,롯데 자이언츠,전준우,40000,team_top_salary,https://www.koreabaseball.com/MediaNews/Notice/View.aspx?bdSe=11394,KBO 2025 구단별 선수연봉 상위 5걸
2025,79192,한화 이글스,채은성,60000,team_top_salary,https://www.koreabaseball.com/MediaNews/Notice/View.aspx?bdSe=11394,KBO 2025 구단별 선수연봉 상위 5걸
2025,78288,한화 이글스,최재훈,50000,team_top_salary,https://www.koreabaseball.com/MediaNews/Notice/View.aspx?bdSe=11394,KBO 2025 구단별 선수연봉 상위 5걸
2025,64006,한화 이글스,심우준,50000,team_top_salary,https://www.koreabaseball.com/MediaNews/Notice/View.aspx?bdSe=11394,KBO 2025 구단별 선수연봉 상위 5걸
2025,79608,한화 이글스,안치홍,50000,team_top_salary,https://www.koreabaseball.com/MediaNews/Notice/View.aspx?bdSe=11394,KBO 2025 구단별 선수연봉 상위 5걸
2025,69737,한화 이글스,노시환,33000,team_top_salary,https://www.koreabaseball.com/MediaNews/Notice/View.aspx?bdSe=11394,KBO 2025 구단별 선수연봉 상위 5걸
2025,62907,NC 다이노스,박민우,90000,team_top_salary,https://www.koreabaseball.com/MediaNews/Notice/View.aspx?bdSe=11394,KBO 2025 구단별 선수연봉 상위 5걸
2025,79215,NC 다이노스,박건우,70000,team_top_salary,https://www.koreabaseball.com/MediaNews/Notice/View.aspx?bdSe=11394,KBO 2025 구단별 선수연봉 상위 5걸
2025,62244,NC 다이노스,박세혁,60000,team_top_salary,https://www.koreabaseball.com/MediaNews/Notice/View.aspx?bdSe=11394,KBO 2025 구단별 선수연봉 상위 5걸
2025,77532,NC 다이노스,손아섭,50000,team_top_salary,https://www.koreabaseball.com/MediaNews/Notice/View.aspx?bdSe=11394,KBO 2025 구단별 선수연봉 상위 5걸
2025,63963,NC 다이노스,권희동,22500,team_top_salary,https://www.koreabaseball.com/MediaNews/Notice/View.aspx?bdSe=11394,KBO 2025 구단별 선수연봉 상위 5걸
2025,78135,키움 히어로즈,이형종,60000,team_top_salary,https://www.koreabaseball.com/MediaNews/Notice/View.aspx?bdSe=11394,KBO 2025 구단별 선수연봉 상위 5걸
2025,65357,키움 히어로즈,송성문,30000,team_top_salary,https://www.koreabaseball.com/MediaNews/Notice/View.aspx?bdSe=11394,KBO 2025 구단별 선수연봉 상위 5걸
2025,75566,키움 히어로즈,이원석,30000,team_top_salary,https://www.koreabaseball.com/MediaNews/Notice/View.aspx?bdSe=11394,KBO 2025 구단별 선수연봉 상위 5걸
2025,76267,키움 히어로즈,최주환,30000,team_top_salary,https://www.koreabaseball.com/MediaNews/Notice/View.aspx?bdSe=11394,KBO 2025 구단별 선수연봉 상위 5걸
2025,74163,키움 히어로즈,이용규,20000,team_top_salary,https://www.koreabaseball.com/MediaNews/Notice/View.aspx?bdSe=11394,KBO 2025 구단별 선수연봉 상위 5걸
2025,53123,LG 트윈스,오스틴,210000,foreign_contract_salary,https://www.koreabaseball.com/MediaNews/Notice/View.aspx?bdSe=11394,KBO 2025 외국인 선수 연봉(계약금 포함)
2025,53827,SSG 랜더스,에레디아,224000,foreign_contract_salary,https://www.koreabaseball.com/MediaNews/Notice/View.aspx?bdSe=11394,KBO 2025 외국인 선수 연봉(계약금 포함)
2025,54944,NC 다이노스,데이비슨,168000,foreign_contract_salary,https://www.koreabaseball.com/MediaNews/Notice/View.aspx?bdSe=11394,KBO 2025 외국인 선수 연봉(계약금 포함)
