"draft_year","event_date","overall_pick","round","team","name","position_group","position_name","school","is_early_draft","source_url"
"2026","2025-09-17","1","1","키움 히어로즈","박준현","P","투수","북일고","0","https://www.koreabaseball.com/MediaNews/Notice/View.aspx?bdSe=11681"
"2026","2025-09-17","2","1","NC 다이노스","신재인","IF","내야수","유신고","0","https://www.koreabaseball.com/MediaNews/Notice/View.aspx?bdSe=11681"
"2026","2025-09-17","3","1","한화 이글스","오재원","OF","외야수","유신고","0","https://www.koreabaseball.com/MediaNews/Notice/View.aspx?bdSe=11681"
"2026","2025-09-17","4","1","롯데 자이언츠","신동건","P","투수","동산고","0","https://www.koreabaseball.com/MediaNews/Notice/View.aspx?bdSe=11681"
"2026","2025-09-17","5","1","SSG 랜더스","김민준","P","투수","대구고","0","https://www.koreabaseball.com/MediaNews/Notice/View.aspx?bdSe=11681"
"2026","2025-09-17","6","1","KT 위즈","박지훈","P","투수","전주고","0","https://www.koreabaseball.com/MediaNews/Notice/View.aspx?bdSe=11681"
"2026","2025-09-17","7","1","두산 베어스","김주오","OF","외야수","마산용마고","0","https://www.koreabaseball.com/MediaNews/Notice/View.aspx?bdSe=11681"
"2026","2025-09-17","8","1","LG 트윈스","양우진","P","투수","경기항공고","0","https://www.koreabaseball.com/MediaNews/Notice/View.aspx?bdSe=11681"
"2026","2025-09-17","9","1","삼성 라이온즈","이호범","P","투수","서울고","0","https://www.koreabaseball.com/MediaNews/Notice/View.aspx?bdSe=11681"
"2026","2025-09-17","10","1","키움 히어로즈","박한결","IF","내야수","전주고","0","https://www.koreabaseball.com/MediaNews/Notice/View.aspx?bdSe=11681"
"2026","2025-09-17","11","2","키움 히어로즈","김지석","IF","내야수","인천고","0","https://www.koreabaseball.com/MediaNews/Notice/View.aspx?bdSe=11681"
"2026","2025-09-17","12","2","NC 다이노스","이희성","C","포수","원주고","0","https://www.koreabaseball.com/MediaNews/Notice/View.aspx?bdSe=11681"
"2026","2025-09-17","13","2","한화 이글스","강건우","P","투수","북일고","0","https://www.koreabaseball.com/MediaNews/Notice/View.aspx?bdSe=11681"
"2026","2025-09-17","14","2","롯데 자이언츠","박정민","P","투수","한일장신대","0","https://www.koreabaseball.com/MediaNews/Notice/View.aspx?bdSe=11681"
"2026","2025-09-17","15","2","SSG 랜더스","김요셉","IF","내야수","세광고","0","https://www.koreabaseball.com/MediaNews/Notice/View.aspx?bdSe=11681"
"2026","2025-09-17","16","2","KT 위즈","이강민","IF","내야수","유신고","0","https://www.koreabaseball.com/MediaNews/Notice/View.aspx?bdSe=11681"
"2026","2025-09-17","17","2","두산 베어스","최주형","P","투수","마산고","0","https://www.koreabaseball.com/MediaNews/Notice/View.aspx?bdSe=11681"
"2026","2025-09-17","18","2","LG 트윈스","박준성","P","투수","인천고","0","https://www.koreabaseball.com/MediaNews/Notice/View.aspx?bdSe=11681"
"2026","2025-09-17","19","2","삼성 라이온즈","김상호","P","투수","서울컨벤션고","0","https://www.koreabaseball.com/MediaNews/Notice/View.aspx?bdSe=11681"
"2026","2025-09-17","20","2","KIA 타이거즈","김현수","P","투수","광남고BC","0","https://www.koreabaseball.com/MediaNews/Notice/View.aspx?bdSe=11681"
"2026","2025-09-17","21","3","키움 히어로즈","박지성","P","투수","서울고","0","https://www.koreabaseball.com/MediaNews/Notice/View.aspx?bdSe=11681"
"2026","2025-09-17","22","3","NC 다이노스","김요엘","P","투수","휘문고","0","https://www.koreabaseball.com/MediaNews/Notice/View.aspx?bdSe=11681"
"2026","2025-09-17","23","3","NC 다이노스","최요한","P","투수","용인시야구단","0","https://www.koreabaseball.com/MediaNews/Notice/View.aspx?bdSe=11681"
"2026","2025-09-17","24","3","롯데 자이언츠","이서준","IF","내야수","부산고","0","https://www.koreabaseball.com/MediaNews/Notice/View.aspx?bdSe=11681"
"2026","2025-09-17","25","3","SSG 랜더스","장재율","OF","외야수","광남고BC","0","https://www.koreabaseball.com/MediaNews/Notice/View.aspx?bdSe=11681"
"2026","2025-09-17","26","3","KT 위즈","김건휘","IF","내야수","충암고","0","https://www.koreabaseball.com/MediaNews/Notice/View.aspx?bdSe=11681"
"2026","2025-09-17","27","3","두산 베어스","서준오","P","투수","한양대","1","https://www.koreabaseball.com/MediaNews/Notice/View.aspx?bdSe=11681"
"2026","2025-09-17","28","3","LG 트윈스","우명현","P","투수","부산고","0","https://www.koreabaseball.com/MediaNews/Notice/View.aspx?bdSe=11681"
"2026","2025-09-17","29","3","삼성 라이온즈","장찬희","P","투수","경남고","0","https://www.koreabaseball.com/MediaNews/Notice/View.aspx?bdSe=11681"
"2026","2025-09-17","30","3","KIA 타이거즈","김민규","OF","외야수","휘문고","0","https://www.koreabaseball.com/MediaNews/Notice/View.aspx?bdSe=11681"
"2026","2025-09-17","31","4","키움 히어로즈","정다훈","P","투수","청주고","0","https://www.koreabaseball.com/MediaNews/Notice/View.aspx?bdSe=11681"
"2026","2025-09-17","32","4","NC 다이노스","고준휘","OF","외야수","전주고","0","https://www.koreabaseball.com/MediaNews/Notice/View.aspx?bdSe=11681"
"2026","2025-09-17","33","4","한화 이글스","최유빈","IF","내야수","경성대","0","https://www.koreabaseball.com/MediaNews/Notice/View.aspx?bdSe=11681"
"2026","2025-09-17","34","4","롯데 자이언츠","김화중","P","투수","덕수고","0","https://www.koreabaseball.com/MediaNews/Notice/View.aspx?bdSe=11681"
"2026","2025-09-17","35","4","NC 다이노스","김건","IF","내야수","경기항공고","0","https://www.koreabaseball.com/MediaNews/Notice/View.aspx?bdSe=11681"
"2026","2025-09-17","36","4","KT 위즈","임상우","IF","내야수","단국대","0","https://www.koreabaseball.com/MediaNews/Notice/View.aspx?bdSe=11681"
"2026","2025-09-17","37","4","두산 베어스","신우열","OF","외야수","전 탬파베이","0","https://www.koreabaseball.com/MediaNews/Notice/View.aspx?bdSe=11681"
"2026","2025-09-17","38","4","LG 트윈스","권우준","P","투수","제물포고","0","https://www.koreabaseball.com/MediaNews/Notice/View.aspx?bdSe=11681"
"2026","2025-09-17","39","4","삼성 라이온즈","이서준","P","투수","인천고","0","https://www.koreabaseball.com/MediaNews/Notice/View.aspx?bdSe=11681"
"2026","2025-09-17","40","4","키움 히어로즈","최재영","IF","내야수","휘문고","0","https://www.koreabaseball.com/MediaNews/Notice/View.aspx?bdSe=11681"
"2026","2025-09-17","41","5","키움 히어로즈","이태양","P","투수","인천고","0","https://www.koreabaseball.com/MediaNews/Notice/View.aspx?bdSe=11681"
"2026","2025-09-17","42","5","NC 다이노스","정튼튼","P","투수","고려대","0","https://www.koreabaseball.com/MediaNews/Notice/View.aspx?bdSe=11681"
"2026","2025-09-17","43","5","한화 이글스","권현규","IF","내야수","경북고","0","https://www.koreabaseball.com/MediaNews/Notice/View.aspx?bdSe=11681"
"2026","2025-09-17","44","5","롯데 자이언츠","김한홀","OF","외야수","휘문고","0","https://www.koreabaseball.com/MediaNews/Notice/View.aspx?bdSe=11681"
"2026","2025-09-17","45","5","SSG 랜더스","조재우","P","투수","美 센트럴플로리다대","0","https://www.koreabaseball.com/MediaNews/Notice/View.aspx?bdSe=11681"
"2026","2025-09-17","46","5","KT 위즈","고준혁","P","투수","동원과학기술대","0","https://www.koreabaseball.com/MediaNews/Notice/View.aspx?bdSe=11681"
"2026","2025-09-17","47","5","두산 베어스","이주호","P","투수","경기항공고","0","https://www.koreabaseball.com/MediaNews/Notice/View.aspx?bdSe=11681"
"2026","2025-09-17","48","5","LG 트윈스","강민기","C","포수","부산고","0","https://www.koreabaseball.com/MediaNews/Notice/View.aspx?bdSe=11681"
"2026","2025-09-17","49","5","삼성 라이온즈","박용재","P","투수","공주고","0","https://www.koreabaseball.com/MediaNews/Notice/View.aspx?bdSe=11681"
"2026","2025-09-17","50","5","KIA 타이거즈","정찬화","P","투수","청담고","0","https://www.koreabaseball.com/MediaNews/Notice/View.aspx?bdSe=11681"
"2026","2025-09-17","51","6","키움 히어로즈","최현우","P","투수","배명고","0","https://www.koreabaseball.com/MediaNews/Notice/View.aspx?bdSe=11681"
"2026","2025-09-17","52","6","NC 다이노스","안지원","OF","외야수","부산고","0","https://www.koreabaseball.com/MediaNews/Notice/View.aspx?bdSe=11681"
"2026","2025-09-17","53","6","한화 이글스","하동준","P","투수","라온고","0","https://www.koreabaseball.com/MediaNews/Notice/View.aspx?bdSe=11681"
"2026","2025-09-17","54","6","롯데 자이언츠","김한결","P","투수","성남고","0","https://www.koreabaseball.com/MediaNews/Notice/View.aspx?bdSe=11681"
"2026","2025-09-17","55","6","SSG 랜더스","이승빈","OF","외야수","경북고","0","https://www.koreabaseball.com/MediaNews/Notice/View.aspx?bdSe=11681"
"2026","2025-09-17","56","6","KT 위즈","이재원","IF","내야수","마산고","0","https://www.koreabaseball.com/MediaNews/Notice/View.aspx?bdSe=11681"
"2026","2025-09-17","57","6","두산 베어스","엄지민","OF","외야수","동의과학대","0","https://www.koreabaseball.com/MediaNews/Notice/View.aspx?bdSe=11681"
"2026","2025-09-17","58","6","LG 트윈스","주정환","IF","내야수","신안산대","0","https://www.koreabaseball.com/MediaNews/Notice/View.aspx?bdSe=11681"
"2026","2025-09-17","59","6","삼성 라이온즈","정재훈","P","투수","전주고","0","https://www.koreabaseball.com/MediaNews/Notice/View.aspx?bdSe=11681"
"2026","2025-09-17","60","6","KIA 타이거즈","지현","P","투수","제물포고","0","https://www.koreabaseball.com/MediaNews/Notice/View.aspx?bdSe=11681"
"2026","2025-09-17","61","7","키움 히어로즈","김태언","P","투수","세광고","0","https://www.koreabaseball.com/MediaNews/Notice/View.aspx?bdSe=11681"
"2026","2025-09-17","62","7","NC 다이노스","허윤","IF","내야수","충암고","0","https://www.koreabaseball.com/MediaNews/Notice/View.aspx?bdSe=11681"
"2026","2025-09-17","63","7","한화 이글스","여현승","P","투수","대구고","0","https://www.koreabaseball.com/MediaNews/Notice/View.aspx?bdSe=11681"
"2026","2025-09-17","64","7","롯데 자이언츠","이준서","P","투수","유신고","0","https://www.koreabaseball.com/MediaNews/Notice/View.aspx?bdSe=11681"
"2026","2025-09-17","65","7","SSG 랜더스","오시후","OF","외야수","덕수고","0","https://www.koreabaseball.com/MediaNews/Notice/View.aspx?bdSe=11681"
"2026","2025-09-17","66","7","KT 위즈","김경환","OF","외야수","배재고","0","https://www.koreabaseball.com/MediaNews/Notice/View.aspx?bdSe=11681"
"2026","2025-09-17","67","7","두산 베어스","임종훈","P","투수","상동고","0","https://www.koreabaseball.com/MediaNews/Notice/View.aspx?bdSe=11681"
"2026","2025-09-17","68","7","LG 트윈스","박현우","OF","외야수","부산과학기술대","0","https://www.koreabaseball.com/MediaNews/Notice/View.aspx?bdSe=11681"
"2026","2025-09-17","69","7","삼성 라이온즈","이서준","C","포수","성남고","0","https://www.koreabaseball.com/MediaNews/Notice/View.aspx?bdSe=11681"
"2026","2025-09-17","70","7","KIA 타이거즈","박종혁","IF","내야수","덕수고","0","https://www.koreabaseball.com/MediaNews/Notice/View.aspx?bdSe=11681"
"2026","2025-09-17","71","8","키움 히어로즈","박준건","P","투수","부산고","0","https://www.koreabaseball.com/MediaNews/Notice/View.aspx?bdSe=11681"
"2026","2025-09-17","72","8","NC 다이노스","윤성환","P","투수","연세대","0","https://www.koreabaseball.com/MediaNews/Notice/View.aspx?bdSe=11681"
"2026","2025-09-17","73","8","한화 이글스","김준수","IF","내야수","야탑고","0","https://www.koreabaseball.com/MediaNews/Notice/View.aspx?bdSe=11681"
"2026","2025-09-17","74","8","롯데 자이언츠","남해담","P","투수","물금고","0","https://www.koreabaseball.com/MediaNews/Notice/View.aspx?bdSe=11681"
"2026","2025-09-17","75","8","SSG 랜더스","신상연","P","투수","경남고","0","https://www.koreabaseball.com/MediaNews/Notice/View.aspx?bdSe=11681"
"2026","2025-09-17","76","8","KT 위즈","정현우","P","투수","인천고","0","https://www.koreabaseball.com/MediaNews/Notice/View.aspx?bdSe=11681"
"2026","2025-09-17","77","8","두산 베어스","임현철","IF","내야수","제물포고","0","https://www.koreabaseball.com/MediaNews/Notice/View.aspx?bdSe=11681"
"2026","2025-09-17","78","8","LG 트윈스","이지백","IF","내야수","대구고","0","https://www.koreabaseball.com/MediaNews/Notice/View.aspx?bdSe=11681"
"2026","2025-09-17","79","8","삼성 라이온즈","임주찬","IF","내야수","송원대","0","https://www.koreabaseball.com/MediaNews/Notice/View.aspx?bdSe=11681"
"2026","2025-09-17","80","8","KIA 타이거즈","최유찬","P","투수","아산BC","0","https://www.koreabaseball.com/MediaNews/Notice/View.aspx?bdSe=11681"
"2026","2025-09-17","81","9","키움 히어로즈","유정택","IF","내야수","고려대","0","https://www.koreabaseball.com/MediaNews/Notice/View.aspx?bdSe=11681"
"2026","2025-09-17","82","9","NC 다이노스","김명규","IF","내야수","장충고","0","https://www.koreabaseball.com/MediaNews/Notice/View.aspx?bdSe=11681"
"2026","2025-09-17","83","9","한화 이글스","이재환","OF","외야수","물금고","0","https://www.koreabaseball.com/MediaNews/Notice/View.aspx?bdSe=11681"
"2026","2025-09-17","84","9","롯데 자이언츠","정문혁","C","포수","경남고","0","https://www.koreabaseball.com/MediaNews/Notice/View.aspx?bdSe=11681"
"2026","2025-09-17","85","9","SSG 랜더스","김태현","IF","내야수","광주진흥고","0","https://www.koreabaseball.com/MediaNews/Notice/View.aspx?bdSe=11681"
"2026","2025-09-17","86","9","KT 위즈","이민준","P","투수","휘문고","0","https://www.koreabaseball.com/MediaNews/Notice/View.aspx?bdSe=11681"
"2026","2025-09-17","87","9","두산 베어스","심건보","IF","내야수","한양대","0","https://www.koreabaseball.com/MediaNews/Notice/View.aspx?bdSe=11681"
"2026","2025-09-17","88","9","LG 트윈스","윤형민","P","투수","배재고","0","https://www.koreabaseball.com/MediaNews/Notice/View.aspx?bdSe=11681"
"2026","2025-09-17","89","9","삼성 라이온즈","한수동","P","투수","서울고","0","https://www.koreabaseball.com/MediaNews/Notice/View.aspx?bdSe=11681"
"2026","2025-09-17","90","9","KIA 타이거즈","한준희","IF","내야수","인천고","0","https://www.koreabaseball.com/MediaNews/Notice/View.aspx?bdSe=11681"
"2026","2025-09-17","91","10","키움 히어로즈","김주영","C","포수","마산용마고","0","https://www.koreabaseball.com/MediaNews/Notice/View.aspx?bdSe=11681"
"2026","2025-09-17","92","10","NC 다이노스","윤서현","P","투수","서울동산고","0","https://www.koreabaseball.com/MediaNews/Notice/View.aspx?bdSe=11681"
"2026","2025-09-17","93","10","한화 이글스","박주진","OF","외야수","대전고","0","https://www.koreabaseball.com/MediaNews/Notice/View.aspx?bdSe=11681"
"2026","2025-09-17","94","10","롯데 자이언츠","이로화","IF","내야수","광주제일고","0","https://www.koreabaseball.com/MediaNews/Notice/View.aspx?bdSe=11681"
"2026","2025-09-17","95","10","SSG 랜더스","김재훈","P","투수","한광BC","0","https://www.koreabaseball.com/MediaNews/Notice/View.aspx?bdSe=11681"
"2026","2025-09-17","96","10","KT 위즈","김휘연","P","투수","장안고","0","https://www.koreabaseball.com/MediaNews/Notice/View.aspx?bdSe=11681"
"2026","2025-09-17","97","10","두산 베어스","남태웅","IF","내야수","대구상원고","0","https://www.koreabaseball.com/MediaNews/Notice/View.aspx?bdSe=11681"
"2026","2025-09-17","98","10","LG 트윈스","박성진","P","투수","휘문고","0","https://www.koreabaseball.com/MediaNews/Notice/View.aspx?bdSe=11681"
"2026","2025-09-17","99","10","삼성 라이온즈","황정현","P","투수","제물포고","0","https://www.koreabaseball.com/MediaNews/Notice/View.aspx?bdSe=11681"
"2026","2025-09-17","100","10","KIA 타이거즈","김상범","P","투수","송원대","0","https://www.koreabaseball.com/MediaNews/Notice/View.aspx?bdSe=11681"
"2026","2025-09-17","101","11","키움 히어로즈","김유빈","P","투수","대구고","0","https://www.koreabaseball.com/MediaNews/Notice/View.aspx?bdSe=11681"
"2026","2025-09-17","102","11","NC 다이노스","손민서","P","투수","장충고","0","https://www.koreabaseball.com/MediaNews/Notice/View.aspx?bdSe=11681"
"2026","2025-09-17","103","11","한화 이글스","황희성","P","투수","공주고","0","https://www.koreabaseball.com/MediaNews/Notice/View.aspx?bdSe=11681"
"2026","2025-09-17","104","11","롯데 자이언츠","김현수","P","투수","장충고","0","https://www.koreabaseball.com/MediaNews/Notice/View.aspx?bdSe=11681"
"2026","2025-09-17","105","11","SSG 랜더스","안재연","IF","내야수","고려대","0","https://www.koreabaseball.com/MediaNews/Notice/View.aspx?bdSe=11681"
"2026","2025-09-17","106","11","KT 위즈","김유빈","C","포수","전주고","0","https://www.koreabaseball.com/MediaNews/Notice/View.aspx?bdSe=11681"
"2026","2025-09-17","107","11","두산 베어스","정성헌","P","투수","대전제일고","0","https://www.koreabaseball.com/MediaNews/Notice/View.aspx?bdSe=11681"
"2026","2025-09-17","108","11","LG 트윈스","김동현","P","투수","부산과학기술대","0","https://www.koreabaseball.com/MediaNews/Notice/View.aspx?bdSe=11681"
"2026","2025-09-17","109","11","삼성 라이온즈","박주영","P","투수","경북고","0","https://www.koreabaseball.com/MediaNews/Notice/View.aspx?bdSe=11681"
"2026","2025-09-17","110","11","KIA 타이거즈","이도훈","C","포수","광주동성고","0","https://www.koreabaseball.com/MediaNews/Notice/View.aspx?bdSe=11681"
