"season","source_team","player_name","public_player_id","position","age","PA","BB_pct","SO_pct","ISO","BABIP","wRC_plus","SFR","WAR","source_url"
"2025","두산 베어스","양의지","10134","C","38","517","9.7","12.2","0.196","0.353","156.8","-0.9","7.05","https://www.kbofancystats.com/teams/doosanbears/"
"2025","두산 베어스","박찬호","973518","SS","30","595","10.4","11.6","0.072","0.319","102.4","5.9","4.80","https://www.kbofancystats.com/teams/doosanbears/"
"2025","두산 베어스","정수빈","10383","CF","35","546","11.2","10.4","0.091","0.280","98.7","14.4","4.01","https://www.kbofancystats.com/teams/doosanbears/"
"2025","두산 베어스","오명진","1652437","2B","24","371","7.3","25.3","0.103","0.352","88.1","20.7","2.82","https://www.kbofancystats.com/teams/doosanbears/"
"2025","두산 베어스","손아섭","10254","RF","37","416","8.9","14.2","0.083","0.338","101.7","15","2.62","https://www.kbofancystats.com/teams/doosanbears/"
"2025","두산 베어스","강승호","799414","1B","31","400","6.0","28.2","0.136","0.318","86.4","0.2","1.73","https://www.kbofancystats.com/teams/doosanbears/"
"2025","두산 베어스","양석환","973435","1B","34","294","8.2","27.9","0.153","0.326","99.7","4.5","1.63","https://www.kbofancystats.com/teams/doosanbears/"
"2025","두산 베어스","안재석","1656226","SS","23","147","7.5","18.4","0.222","0.375","145.6","-3.3","1.55","https://www.kbofancystats.com/teams/doosanbears/"
"2025","두산 베어스","이유찬","1403013","SS","27","311","10.6","21.2","0.048","0.315","76.1","-3.3","1.20","https://www.kbofancystats.com/teams/doosanbears/"
"2025","두산 베어스","박준순","2941640","3B","19","298","3.4","18.8","0.096","0.338","87.5","-8","1.14","https://www.kbofancystats.com/teams/doosanbears/"
"2025","두산 베어스","김기연","1218001","C","28","245","7.8","18.0","0.068","0.297","73.3","1.3","1.12","https://www.kbofancystats.com/teams/doosanbears/"
"2025","두산 베어스","김인태","799421","LF","31","225","16.0","25.3","0.115","0.290","99.9","-3.7","0.96","https://www.kbofancystats.com/teams/doosanbears/"
"2025","두산 베어스","박지훈","1652361","3B","25","55","9.1","21.8","0.146","0.543","184.4","-1.7","0.82","https://www.kbofancystats.com/teams/doosanbears/"
"2025","두산 베어스","임종성","2933516","3B","20","89","3.4","29.2","0.120","0.375","91.1","4.6","0.72","https://www.kbofancystats.com/teams/doosanbears/"
"2025","두산 베어스","조수행","1216184","LF","32","140","10.0","20.7","0.034","0.322","66.1","-1.8","0.41","https://www.kbofancystats.com/teams/doosanbears/"
"2025","두산 베어스","홍성호","1216187","1B","28","27","3.7","29.6","0.269","0.438","166.1","-0.8","0.30","https://www.kbofancystats.com/teams/doosanbears/"
"2025","두산 베어스","김민석","2238551","LF","21","247","4.9","25.1","0.070","0.304","56.8","8.2","0.22","https://www.kbofancystats.com/teams/doosanbears/"
"2025","두산 베어스","김동준","1672565","LF","23","100","5.0","30.0","0.097","0.328","70.4","-0.9","0.05","https://www.kbofancystats.com/teams/doosanbears/"
"2025","두산 베어스","김민혁","1101179","1B","29","21","19.0","28.6","0.176","0.100","70.8","0.8","0.04","https://www.kbofancystats.com/teams/doosanbears/"
"2025","두산 베어스","박성재","1664622","1B","23","7","0.0","71.4","0.000","0.000","-105.5","2.4","-0.03","https://www.kbofancystats.com/teams/doosanbears/"
"2025","두산 베어스","박민준","2935951","DH","23","2","0.0","50.0","0.000","0.000","-105.5","N/A","-0.04","https://www.kbofancystats.com/teams/doosanbears/"
"2025","두산 베어스","전다민","2933515","DH","24","12","0.0","0.0","0.000","0.083","-57.4","N/A","-0.09","https://www.kbofancystats.com/teams/doosanbears/"
"2025","두산 베어스","류현준","2939287","C","20","22","0.0","27.3","0.000","0.188","-26.9","-0.7","-0.21","https://www.kbofancystats.com/teams/doosanbears/"
"2025","두산 베어스","김대한","1631580","LF","25","37","2.7","16.2","0.083","0.207","35.6","-3.8","-0.31","https://www.kbofancystats.com/teams/doosanbears/"
"2025","한화 이글스","노시환","1631577","3B","25","624","11.2","20.0","0.237","0.280","132.5","6.3","6.72","https://www.kbofancystats.com/teams/hanwhaeagles/"
"2025","한화 이글스","문현빈","2238572","LF","21","592","6.4","13.9","0.133","0.353","124.4","-9.7","4.11","https://www.kbofancystats.com/teams/hanwhaeagles/"
"2025","한화 이글스","최재훈","10315","C","36","348","13.2","13.8","0.067","0.336","117.6","-1.9","3.56","https://www.kbofancystats.com/teams/hanwhaeagles/"
"2025","한화 이글스","채은성","803041","1B","35","527","5.9","18.2","0.179","0.326","123.0","-9.8","3.24","https://www.kbofancystats.com/teams/hanwhaeagles/"
"2025","한화 이글스","강백호","1616905","DH","26","369","11.9","17.3","0.202","0.288","127.7","0","2.88","https://www.kbofancystats.com/teams/hanwhaeagles/"
"2025","한화 이글스","이진영","1216222","RF","28","366","10.4","25.4","0.143","0.347","113.2","-7.1","1.82","https://www.kbofancystats.com/teams/hanwhaeagles/"
"2025","한화 이글스","하주석","433972","SS","31","305","3.9","21.6","0.094","0.377","95.5","-6.5","1.60","https://www.kbofancystats.com/teams/hanwhaeagles/"
"2025","한화 이글스","이도윤","1098453","2B","29","277","4.0","18.8","0.080","0.320","69.8","7.6","1.19","https://www.kbofancystats.com/teams/hanwhaeagles/"
"2025","한화 이글스","이원석","1617189","RF","26","248","9.3","20.6","0.090","0.245","62.7","8.8","1.01","https://www.kbofancystats.com/teams/hanwhaeagles/"
"2025","한화 이글스","황영묵","2933487","2B","26","286","7.0","12.9","0.085","0.314","90.8","-12.4","0.76","https://www.kbofancystats.com/teams/hanwhaeagles/"
"2025","한화 이글스","심우준","973419","SS","30","275","6.2","17.8","0.069","0.279","61.9","-1.4","0.67","https://www.kbofancystats.com/teams/hanwhaeagles/"
"2025","한화 이글스","최인호","1652363","LF","25","159","8.2","18.2","0.108","0.312","99.6","-3.7","0.63","https://www.kbofancystats.com/teams/hanwhaeagles/"
"2025","한화 이글스","김태연","1218057","RF","28","340","6.8","18.2","0.079","0.319","87.2","-17.9","0.15","https://www.kbofancystats.com/teams/hanwhaeagles/"
"2025","한화 이글스","이재원","10202","C","37","151","9.3","15.2","0.056","0.231","46.2","-0.6","0.14","https://www.kbofancystats.com/teams/hanwhaeagles/"
"2025","한화 이글스","임종찬","1652283","RF","24","35","14.3","37.1","0.133","0.250","69.4","0.3","0.09","https://www.kbofancystats.com/teams/hanwhaeagles/"
"2025","한화 이글스","장규현","1656258","DH","23","2","50.0","0.0","0.000","1.000","410.1","N/A","0.09","https://www.kbofancystats.com/teams/hanwhaeagles/"
"2025","한화 이글스","유로결","1631578","RF","25","16","0.0","25.0","0.000","0.222","-3.8","1.2","-0.03","https://www.kbofancystats.com/teams/hanwhaeagles/"
"2025","한화 이글스","박정현","1652364","DH","24","2","0.0","50.0","0.000","0.000","-105.5","N/A","-0.04","https://www.kbofancystats.com/teams/hanwhaeagles/"
"2025","한화 이글스","허인서","1672597","C","22","30","0.0","40.0","0.034","0.294","14.2","0.1","-0.11","https://www.kbofancystats.com/teams/hanwhaeagles/"
"2025","한화 이글스","권광민","1672599","1B","28","18","0.0","27.8","0.056","0.231","3.6","-0.6","-0.14","https://www.kbofancystats.com/teams/hanwhaeagles/"
"2025","KIA 타이거즈","김호령","1098445","CF","33","381","8.9","24.7","0.151","0.378","115.8","0.3","3.33","https://www.kbofancystats.com/teams/kiatigers/"
"2025","KIA 타이거즈","나성범","778542","RF","36","310","13.5","25.5","0.176","0.347","131.1","-4.9","2.39","https://www.kbofancystats.com/teams/kiatigers/"
"2025","KIA 타이거즈","김선빈","10337","2B","36","308","10.1","11.4","0.107","0.359","130.0","-15.5","2.31","https://www.kbofancystats.com/teams/kiatigers/"
"2025","KIA 타이거즈","김태군","10299","C","36","274","6.2","7.3","0.114","0.262","91.9","2.2","2.07","https://www.kbofancystats.com/teams/kiatigers/"
"2025","KIA 타이거즈","오선우","1631585","1B","29","474","7.2","33.3","0.167","0.375","108.2","-10.3","2.01","https://www.kbofancystats.com/teams/kiatigers/"
"2025","KIA 타이거즈","김도영","1672585","3B","22","122","8.2","18.9","0.273","0.329","151.5","3.9","1.75","https://www.kbofancystats.com/teams/kiatigers/"
"2025","KIA 타이거즈","한준수","1616879","C","26","276","9.4","17.4","0.143","0.250","87.7","1.1","1.71","https://www.kbofancystats.com/teams/kiatigers/"
"2025","KIA 타이거즈","김석환","1403041","LF","26","134","10.4","41.0","0.094","0.475","101.7","7.4","1.03","https://www.kbofancystats.com/teams/kiatigers/"
"2025","KIA 타이거즈","고종욱","154502","LF","37","123","4.1","13.8","0.096","0.316","93.9","9","0.95","https://www.kbofancystats.com/teams/kiatigers/"
"2025","KIA 타이거즈","김규성","1218044","2B","28","222","9.5","22.1","0.067","0.296","72.7","3.6","0.86","https://www.kbofancystats.com/teams/kiatigers/"
"2025","KIA 타이거즈","윤도현","1672592","2B","22","160","5.0","22.5","0.195","0.327","111.1","-8.1","0.82","https://www.kbofancystats.com/teams/kiatigers/"
"2025","KIA 타이거즈","박정우","1403583","CF","27","75","13.3","16.0","0.032","0.340","111.0","-0.4","0.53","https://www.kbofancystats.com/teams/kiatigers/"
"2025","KIA 타이거즈","이호연","1616865","1B","30","75","4.0","18.7","0.143","0.418","135.1","-5","0.45","https://www.kbofancystats.com/teams/kiatigers/"
"2025","KIA 타이거즈","주효상","1216192","C","28","17","11.8","23.5","0.133","0.455","145.2","0.2","0.23","https://www.kbofancystats.com/teams/kiatigers/"
"2025","KIA 타이거즈","변우혁","1631583","3B","25","153","6.5","30.7","0.049","0.326","54.9","-0.2","0.07","https://www.kbofancystats.com/teams/kiatigers/"
"2025","KIA 타이거즈","이창진","973457","LF","34","113","14.2","19.5","0.065","0.197","56.5","2","0.00","https://www.kbofancystats.com/teams/kiatigers/"
"2025","KIA 타이거즈","최정용","1098427","2B","29","6","0.0","33.3","0.000","0.250","-9.4","0.1","-0.03","https://www.kbofancystats.com/teams/kiatigers/"
"2025","KIA 타이거즈","박민","1652084","2B","24","105","4.8","31.4","0.085","0.300","52.1","-3.5","-0.08","https://www.kbofancystats.com/teams/kiatigers/"
"2025","KIA 타이거즈","정현창","2952671","2B","19","21","9.5","23.8","0.000","0.357","75.1","-3.2","-0.13","https://www.kbofancystats.com/teams/kiatigers/"
"2025","KIA 타이거즈","황대인","1098442","1B","29","57","5.3","24.6","0.113","0.231","44.7","-1.5","-0.23","https://www.kbofancystats.com/teams/kiatigers/"
"2025","KIA 타이거즈","정해원","2238566","RF","21","46","10.9","30.4","0.000","0.115","-8.1","2.7","-0.24","https://www.kbofancystats.com/teams/kiatigers/"
"2025","KIA 타이거즈","박재현","2941658","CF","19","69","8.7","37.7","0.016","0.135","-20.8","-5","-0.89","https://www.kbofancystats.com/teams/kiatigers/"
"2025","키움 히어로즈","이주형","1652078","CF","24","514","7.2","22.4","0.128","0.300","99.6","5.1","3.67","https://www.kbofancystats.com/teams/kiwoomheroes/"
"2025","키움 히어로즈","임지열","973449","LF","30","417","10.1","26.6","0.138","0.316","96.2","23.1","3.03","https://www.kbofancystats.com/teams/kiwoomheroes/"
"2025","키움 히어로즈","최주환","10139","1B","37","506","7.1","13.0","0.150","0.295","107.6","-1","2.56","https://www.kbofancystats.com/teams/kiwoomheroes/"
"2025","키움 히어로즈","김건희","2238526","C","21","344","3.8","29.7","0.102","0.342","65.0","2","1.35","https://www.kbofancystats.com/teams/kiwoomheroes/"
"2025","키움 히어로즈","주성원","1631635","RF","25","174","7.5","25.9","0.058","0.342","80.9","14.5","1.22","https://www.kbofancystats.com/teams/kiwoomheroes/"
"2025","키움 히어로즈","어준서","2941623","SS","19","360","8.3","20.8","0.090","0.291","77.6","-10.2","1.13","https://www.kbofancystats.com/teams/kiwoomheroes/"
"2025","키움 히어로즈","박주홍","1652042","RF","24","283","10.6","25.4","0.105","0.303","80.0","4","1.12","https://www.kbofancystats.com/teams/kiwoomheroes/"
"2025","키움 히어로즈","김태진","973469","2B","30","304","6.6","17.4","0.108","0.268","71.1","3.1","0.97","https://www.kbofancystats.com/teams/kiwoomheroes/"
"2025","키움 히어로즈","김동헌","2238527","C","21","91","7.7","25.3","0.037","0.367","81.8","0.3","0.48","https://www.kbofancystats.com/teams/kiwoomheroes/"
"2025","키움 히어로즈","송지후","2933490","2B","20","86","3.5","20.9","0.075","0.210","31.9","8.4","0.23","https://www.kbofancystats.com/teams/kiwoomheroes/"
"2025","키움 히어로즈","이형종","10302","LF","36","82","11.0","26.8","0.129","0.261","75.0","0","0.18","https://www.kbofancystats.com/teams/kiwoomheroes/"
"2025","키움 히어로즈","임병욱","973450","RF","30","140","3.6","23.6","0.120","0.293","65.1","-1.9","0.13","https://www.kbofancystats.com/teams/kiwoomheroes/"
"2025","키움 히어로즈","이주형","1662269","DH","23","17","5.9","41.2","0.000","0.556","90.8","N/A","0.07","https://www.kbofancystats.com/teams/kiwoomheroes/"
"2025","키움 히어로즈","김병휘","1652040","2B","24","6","33.3","16.7","0.000","0.333","142.2","0","0.07","https://www.kbofancystats.com/teams/kiwoomheroes/"
"2025","키움 히어로즈","박수종","2243148","CF","26","45","6.7","26.7","0.071","0.172","17.9","4.2","0.05","https://www.kbofancystats.com/teams/kiwoomheroes/"
"2025","키움 히어로즈","오선진","10351","SS","36","163","7.4","27.6","0.077","0.337","73.0","-10.2","0.05","https://www.kbofancystats.com/teams/kiwoomheroes/"
"2025","키움 히어로즈","서건창","10722","2B","36","26","7.7","19.2","0.182","0.125","33.1","1.3","0.02","https://www.kbofancystats.com/teams/kiwoomheroes/"
"2025","키움 히어로즈","김재현","435382","C","32","128","0.8","24.2","0.042","0.281","30.9","-0.6","-0.01","https://www.kbofancystats.com/teams/kiwoomheroes/"
"2025","키움 히어로즈","염승원","2954625","2B","19","21","4.8","28.6","0.000","0.286","26.0","1","-0.01","https://www.kbofancystats.com/teams/kiwoomheroes/"
"2025","키움 히어로즈","김웅빈","1101244","1B","29","31","19.4","22.6","0.000","0.118","19.8","-0.9","-0.18","https://www.kbofancystats.com/teams/kiwoomheroes/"
"2025","키움 히어로즈","권혁빈","2941622","2B","20","24","8.3","29.2","0.000","0.154","-19.5","-0.1","-0.18","https://www.kbofancystats.com/teams/kiwoomheroes/"
"2025","키움 히어로즈","양현종","2941621","1B","19","14","14.3","35.7","0.000","0.143","0.7","-2.2","-0.21","https://www.kbofancystats.com/teams/kiwoomheroes/"
"2025","키움 히어로즈","추재현","1616835","LF","26","87","3.4","19.5","0.099","0.270","56.5","-4.7","-0.24","https://www.kbofancystats.com/teams/kiwoomheroes/"
"2025","키움 히어로즈","안치홍","10422","DH","35","196","8.2","19.9","0.057","0.209","34.5","3.5","-0.32","https://www.kbofancystats.com/teams/kiwoomheroes/"
"2025","키움 히어로즈","전태현","2941627","2B","19","207","9.7","28.5","0.027","0.336","61.1","-14.2","-0.38","https://www.kbofancystats.com/teams/kiwoomheroes/"
"2025","키움 히어로즈","여동욱","2941624","3B","20","61","11.5","34.4","0.132","0.167","40.6","-7.3","-0.45","https://www.kbofancystats.com/teams/kiwoomheroes/"
"2025","KT 위즈","안현민","1672607","RF","22","482","15.6","14.9","0.235","0.362","178.2","6","7.28","https://www.kbofancystats.com/teams/ktwiz/"
"2025","KT 위즈","김현수","10140","LF","38","552","11.6","13.2","0.124","0.331","127.1","-4.8","4.19","https://www.kbofancystats.com/teams/ktwiz/"
"2025","KT 위즈","장성우","10332","C","35","480","11.5","20.0","0.133","0.283","98.7","-2.1","3.33","https://www.kbofancystats.com/teams/ktwiz/"
"2025","KT 위즈","허경민","10386","3B","35","481","8.1","7.3","0.071","0.299","103.6","-6.4","2.94","https://www.kbofancystats.com/teams/ktwiz/"
"2025","KT 위즈","김상수","10396","2B","35","423","12.3","13.5","0.082","0.283","93.9","8.6","2.83","https://www.kbofancystats.com/teams/ktwiz/"
"2025","KT 위즈","권동진","1656268","SS","27","309","9.7","29.4","0.077","0.333","69.8","23.7","2.27","https://www.kbofancystats.com/teams/ktwiz/"
"2025","KT 위즈","김민혁","973496","LF","30","417","6.0","9.8","0.042","0.321","89.3","-2.8","1.65","https://www.kbofancystats.com/teams/ktwiz/"
"2025","KT 위즈","최원준","1216218","CF","28","449","5.1","15.8","0.090","0.276","72.0","-8","0.93","https://www.kbofancystats.com/teams/ktwiz/"
"2025","KT 위즈","문상철","973420","1B","34","209","12.0","21.1","0.133","0.252","88.6","5.5","0.82","https://www.kbofancystats.com/teams/ktwiz/"
"2025","KT 위즈","오윤석","975066","1B","33","184","6.5","22.3","0.064","0.345","80.2","0.8","0.63","https://www.kbofancystats.com/teams/ktwiz/"
"2025","KT 위즈","이정훈","1403043","LF","31","148","8.8","32.4","0.121","0.375","102.5","-2.4","0.59","https://www.kbofancystats.com/teams/ktwiz/"
"2025","KT 위즈","장진혁","1218058","CF","32","157","8.3","29.3","0.122","0.278","64.5","6","0.53","https://www.kbofancystats.com/teams/ktwiz/"
"2025","KT 위즈","강현우","1652102","C","24","78","12.8","17.9","0.062","0.220","53.9","0.4","0.18","https://www.kbofancystats.com/teams/ktwiz/"
"2025","KT 위즈","안치영","1403535","LF","27","56","7.1","23.2","0.091","0.290","72.5","2.3","0.14","https://www.kbofancystats.com/teams/ktwiz/"
"2025","KT 위즈","한승택","799459","C","31","23","4.3","30.4","0.048","0.357","70.4","0.2","0.10","https://www.kbofancystats.com/teams/ktwiz/"
"2025","KT 위즈","조대현","1617207","C","26","90","7.8","24.4","0.053","0.264","40.5","0.1","0.08","https://www.kbofancystats.com/teams/ktwiz/"
"2025","KT 위즈","배정대","973439","CF","30","276","6.9","23.6","0.088","0.267","58.1","-6","0.05","https://www.kbofancystats.com/teams/ktwiz/"
"2025","KT 위즈","최성민","2238582","RF","23","21","4.8","23.8","0.000","0.143","-28.9","1.4","-0.12","https://www.kbofancystats.com/teams/ktwiz/"
"2025","KT 위즈","안인산","1652090","DH","24","7","0.0","42.9","0.000","0.000","-105.5","N/A","-0.13","https://www.kbofancystats.com/teams/ktwiz/"
"2025","KT 위즈","유준규","1656271","LF","23","41","17.1","31.7","0.059","0.190","39.9","-1.5","-0.15","https://www.kbofancystats.com/teams/ktwiz/"
"2025","KT 위즈","장준원","973434","SS","30","154","5.2","17.5","0.043","0.248","36.0","-3.1","-0.22","https://www.kbofancystats.com/teams/ktwiz/"
"2025","KT 위즈","강민성","1631697","2B","26","36","13.9","41.7","0.000","0.062","-26.3","1.8","-0.23","https://www.kbofancystats.com/teams/ktwiz/"
"2025","LG 트윈스","오스틴","2238555","1B","32","499","12.2","12.4","0.282","0.297","163.6","-7","5.63","https://www.kbofancystats.com/teams/lgtwins/"
"2025","LG 트윈스","문보경","1661064","3B","25","607","13.0","17.8","0.184","0.301","129.3","-0.3","5.53","https://www.kbofancystats.com/teams/lgtwins/"
"2025","LG 트윈스","박동원","10395","C","35","523","11.9","23.7","0.202","0.297","117.8","1.9","5.13","https://www.kbofancystats.com/teams/lgtwins/"
"2025","LG 트윈스","박해민","435395","CF","35","544","12.5","17.3","0.070","0.341","101.0","12.1","4.36","https://www.kbofancystats.com/teams/lgtwins/"
"2025","LG 트윈스","문성주","1617181","RF","28","542","10.0","10.9","0.069","0.336","111.9","12","3.94","https://www.kbofancystats.com/teams/lgtwins/"
"2025","LG 트윈스","오지환","10365","SS","35","472","7.8","24.4","0.177","0.306","100.2","13.4","3.85","https://www.kbofancystats.com/teams/lgtwins/"
"2025","LG 트윈스","신민재","1101174","2B","29","538","11.5","10.6","0.069","0.352","118.6","-17.9","3.55","https://www.kbofancystats.com/teams/lgtwins/"
"2025","LG 트윈스","구본혁","1631625","3B","28","397","9.1","11.1","0.067","0.326","98.8","1.4","2.60","https://www.kbofancystats.com/teams/lgtwins/"
"2025","LG 트윈스","이주헌","1672582","C","22","156","11.5","19.2","0.117","0.255","98.0","0.3","1.22","https://www.kbofancystats.com/teams/lgtwins/"
"2025","LG 트윈스","천성호","1652101","2B","28","199","8.5","14.6","0.092","0.280","82.8","6.7","1.04","https://www.kbofancystats.com/teams/lgtwins/"
"2025","LG 트윈스","송찬의","1617178","RF","26","166","5.4","29.5","0.136","0.292","78.3","8.8","0.80","https://www.kbofancystats.com/teams/lgtwins/"
"2025","LG 트윈스","홍창기","1217998","RF","32","215","13.5","18.6","0.040","0.358","110.9","-11.9","0.76","https://www.kbofancystats.com/teams/lgtwins/"
"2025","LG 트윈스","함창건","2936027","LF","24","36","8.3","25.0","0.062","0.250","41.5","6.7","0.26","https://www.kbofancystats.com/teams/lgtwins/"
"2025","LG 트윈스","최원영","2933488","LF","22","115","3.5","17.4","0.049","0.345","82.4","-3.9","0.18","https://www.kbofancystats.com/teams/lgtwins/"
"2025","LG 트윈스","김준태","435403","DH","31","2","50.0","0.0","0.000","1.000","410.1","N/A","0.09","https://www.kbofancystats.com/teams/lgtwins/"
"2025","LG 트윈스","이영빈","1656241","2B","23","75","1.3","46.7","0.167","0.343","54.1","0.5","0.08","https://www.kbofancystats.com/teams/lgtwins/"
"2025","LG 트윈스","김현종","2933481","LF","21","6","16.7","16.7","0.200","0.500","201.6","-0.8","0.07","https://www.kbofancystats.com/teams/lgtwins/"
"2025","LG 트윈스","손용준","2933527","1B","25","16","0.0","31.2","0.000","0.300","32.2","0.9","0.02","https://www.kbofancystats.com/teams/lgtwins/"
"2025","LG 트윈스","유영찬","2238554","DH","28","2","50.0","0.0","0.000","0.000","122.0","N/A","0.02","https://www.kbofancystats.com/teams/lgtwins/"
"2025","LG 트윈스","문정빈","2941464","3B","22","33","3.0","33.3","0.200","0.176","68.5","-0.9","0.00","https://www.kbofancystats.com/teams/lgtwins/"
"2025","LG 트윈스","김주성","1216178","1B","27","17","5.9","11.8","0.200","0.167","93.7","-0.4","-0.04","https://www.kbofancystats.com/teams/lgtwins/"
"2025","롯데 자이언츠","레이예스","2933473","LF","31","643","9.0","10.3","0.148","0.346","136.9","-22.2","5.09","https://www.kbofancystats.com/teams/lottegiants/"
"2025","롯데 자이언츠","윤동희","1681511","RF","22","399","12.3","16.3","0.152","0.321","127.7","14.5","4.05","https://www.kbofancystats.com/teams/lottegiants/"
"2025","롯데 자이언츠","유강남","154482","C","33","350","7.4","18.9","0.109","0.329","105.1","-0.4","2.96","https://www.kbofancystats.com/teams/lottegiants/"
"2025","롯데 자이언츠","고승민","1631587","2B","25","538","10.4","15.4","0.079","0.319","96.8","2.8","2.87","https://www.kbofancystats.com/teams/lottegiants/"
"2025","롯데 자이언츠","박찬형","2953847","3B","23","148","7.4","17.6","0.163","0.406","155.6","4.3","2.07","https://www.kbofancystats.com/teams/lottegiants/"
"2025","롯데 자이언츠","한태양","1672576","2B","22","267","12.0","25.8","0.104","0.384","109.7","-0.6","1.93","https://www.kbofancystats.com/teams/lottegiants/"
"2025","롯데 자이언츠","전민재","1616855","SS","26","369","6.0","17.1","0.091","0.340","94.6","-9.2","1.84","https://www.kbofancystats.com/teams/lottegiants/"
"2025","롯데 자이언츠","전준우","10328","LF","39","472","9.3","15.0","0.127","0.332","118.7","-34","1.66","https://www.kbofancystats.com/teams/lottegiants/"
"2025","롯데 자이언츠","김민성","10259","3B","37","254","13.0","18.9","0.103","0.299","99.7","-4.2","1.30","https://www.kbofancystats.com/teams/lottegiants/"
"2025","롯데 자이언츠","이호준","2933520","SS","21","153","9.2","21.6","0.182","0.299","102.7","-0.3","1.08","https://www.kbofancystats.com/teams/lottegiants/"
"2025","롯데 자이언츠","손호영","1652075","3B","31","375","5.9","17.6","0.073","0.298","75.2","-5.8","1.05","https://www.kbofancystats.com/teams/lottegiants/"
"2025","롯데 자이언츠","김동혁","2929472","CF","25","114","15.8","22.8","0.067","0.317","92.1","7.8","1.02","https://www.kbofancystats.com/teams/lottegiants/"
"2025","롯데 자이언츠","나승엽","1656237","1B","23","392","14.0","16.6","0.131","0.259","100.9","-14.2","0.96","https://www.kbofancystats.com/teams/lottegiants/"
"2025","롯데 자이언츠","노진혁","778538","1B","36","69","7.2","29.0","0.127","0.381","103.2","0.2","0.44","https://www.kbofancystats.com/teams/lottegiants/"
"2025","롯데 자이언츠","장두성","1617171","CF","26","284","8.5","22.5","0.036","0.349","77.1","-13","0.42","https://www.kbofancystats.com/teams/lottegiants/"
"2025","롯데 자이언츠","정보근","1617172","C","26","152","11.8","25.7","0.070","0.258","56.4","-0.2","0.36","https://www.kbofancystats.com/teams/lottegiants/"
"2025","롯데 자이언츠","황성빈","1676476","CF","28","273","6.6","16.8","0.061","0.308","77.1","-20.3","0.28","https://www.kbofancystats.com/teams/lottegiants/"
"2025","롯데 자이언츠","박재엽","2941646","C","19","16","12.5","31.2","0.286","0.375","155.7","0.1","0.23","https://www.kbofancystats.com/teams/lottegiants/"
"2025","롯데 자이언츠","최항","435416","DH","32","7","14.3","57.1","0.000","0.500","41.8","N/A","-0.01","https://www.kbofancystats.com/teams/lottegiants/"
"2025","롯데 자이언츠","조세진","1672570","CF","22","9","22.2","44.4","0.000","0.333","59.7","-0.4","-0.01","https://www.kbofancystats.com/teams/lottegiants/"
"2025","롯데 자이언츠","신윤후","1631712","CF","30","13","0.0","23.1","0.000","0.222","-16.8","-1.3","-0.14","https://www.kbofancystats.com/teams/lottegiants/"
"2025","롯데 자이언츠","손성빈","1656235","C","23","69","5.8","29.0","0.048","0.195","13.5","0.1","-0.19","https://www.kbofancystats.com/teams/lottegiants/"
"2025","롯데 자이언츠","박승욱","433985","SS","33","92","5.4","32.6","0.036","0.296","32.3","-2.4","-0.29","https://www.kbofancystats.com/teams/lottegiants/"
"2025","NC 다이노스","김주원","1656262","SS","23","624","10.1","17.8","0.161","0.340","129.7","-6.1","6.64","https://www.kbofancystats.com/teams/ncdinos/"
"2025","NC 다이노스","박민우","778528","2B","32","468","9.4","13.7","0.124","0.349","124.5","1.7","4.52","https://www.kbofancystats.com/teams/ncdinos/"
"2025","NC 다이노스","데이비슨","2933475","1B","34","439","7.1","26.9","0.326","0.313","153.0","-2","4.50","https://www.kbofancystats.com/teams/ncdinos/"
"2025","NC 다이노스","김휘집","1656210","3B","24","500","8.0","17.8","0.170","0.277","114.9","0.8","4.11","https://www.kbofancystats.com/teams/ncdinos/"
"2025","NC 다이노스","박건우","10378","RF","35","442","10.6","14.3","0.138","0.322","121.6","7.8","3.61","https://www.kbofancystats.com/teams/ncdinos/"
"2025","NC 다이노스","김형준","1616898","C","26","415","10.8","30.4","0.182","0.300","102.3","0.6","3.47","https://www.kbofancystats.com/teams/ncdinos/"
"2025","NC 다이노스","권희동","799488","LF","35","456","16.9","17.5","0.117","0.299","115.9","-13.1","2.48","https://www.kbofancystats.com/teams/ncdinos/"
"2025","NC 다이노스","천재환","1403600","CF","31","294","5.8","19.7","0.130","0.277","77.8","20.1","2.03","https://www.kbofancystats.com/teams/ncdinos/"
"2025","NC 다이노스","최정원","1652096","CF","25","155","11.6","14.2","0.025","0.333","111.3","-3.3","1.32","https://www.kbofancystats.com/teams/ncdinos/"
"2025","NC 다이노스","오영수","1616894","DH","25","179","12.3","26.3","0.090","0.314","90.4","3.2","0.82","https://www.kbofancystats.com/teams/ncdinos/"
"2025","NC 다이노스","김한별","1652278","2B","24","72","4.2","6.9","0.031","0.339","99.9","2.4","0.60","https://www.kbofancystats.com/teams/ncdinos/"
"2025","NC 다이노스","한석현","975025","CF","31","138","8.7","19.6","0.124","0.224","74.4","3","0.51","https://www.kbofancystats.com/teams/ncdinos/"
"2025","NC 다이노스","서호철","1652097","1B","29","292","2.7","17.5","0.068","0.315","71.2","-3","0.43","https://www.kbofancystats.com/teams/ncdinos/"
"2025","NC 다이노스","도태훈","1218077","2B","32","98","7.1","16.3","0.117","0.217","69.6","3.2","0.42","https://www.kbofancystats.com/teams/ncdinos/"
"2025","NC 다이노스","이우성","799422","LF","31","337","9.2","19.6","0.110","0.308","90.6","-18.1","0.32","https://www.kbofancystats.com/teams/ncdinos/"
"2025","NC 다이노스","김정호","2953374","C","27","11","0.0","36.4","0.000","0.800","147.2","0.1","0.16","https://www.kbofancystats.com/teams/ncdinos/"
"2025","NC 다이노스","안중열","973426","C","30","60","13.3","25.0","0.061","0.206","50.0","-0.6","0.06","https://www.kbofancystats.com/teams/ncdinos/"
"2025","NC 다이노스","고승완","2953833","CF","24","11","9.1","45.5","0.000","0.400","40.7","0.3","0.00","https://www.kbofancystats.com/teams/ncdinos/"
"2025","NC 다이노스","오태양","1656267","CF","23","13","7.7","23.1","0.000","0.333","62.5","-1.6","-0.06","https://www.kbofancystats.com/teams/ncdinos/"
"2025","NC 다이노스","박시원","1652095","CF","24","60","8.3","30.0","0.093","0.286","58.1","-3.7","-0.12","https://www.kbofancystats.com/teams/ncdinos/"
"2025","NC 다이노스","한재환","2939351","DH","24","31","6.5","45.2","0.000","0.385","47.4","-0.9","-0.12","https://www.kbofancystats.com/teams/ncdinos/"
"2025","NC 다이노스","윤준혁","1652103","1B","24","18","0.0","27.8","0.059","0.083","-60.4","0.8","-0.19","https://www.kbofancystats.com/teams/ncdinos/"
"2025","NC 다이노스","홍종표","1652080","2B","25","85","8.2","27.1","0.000","0.235","13.4","2.2","-0.31","https://www.kbofancystats.com/teams/ncdinos/"
"2025","삼성 라이온즈","디아즈","2936818","1B","29","628","9.6","15.9","0.330","0.299","171.3","9.6","8.43","https://www.kbofancystats.com/teams/samsunglions/"
"2025","삼성 라이온즈","최형우","9933","LF","42","549","12.2","17.9","0.222","0.341","153.6","0.4","6.78","https://www.kbofancystats.com/teams/samsunglions/"
"2025","삼성 라이온즈","구자욱","433944","LF","32","616","11.9","14.8","0.197","0.351","150.7","-8","6.78","https://www.kbofancystats.com/teams/samsunglions/"
"2025","삼성 라이온즈","김성윤","1403030","RF","26","538","12.1","10.0","0.143","0.364","143.9","-7.1","5.57","https://www.kbofancystats.com/teams/samsunglions/"
"2025","삼성 라이온즈","김영웅","1672552","3B","22","499","9.6","28.7","0.206","0.313","112.6","21","4.95","https://www.kbofancystats.com/teams/samsunglions/"
"2025","삼성 라이온즈","이재현","1672550","SS","22","555","12.4","21.4","0.173","0.303","115.0","-6.1","4.70","https://www.kbofancystats.com/teams/samsunglions/"
"2025","삼성 라이온즈","강민호","10036","C","40","465","8.2","14.8","0.148","0.293","107.8","0.4","3.98","https://www.kbofancystats.com/teams/samsunglions/"
"2025","삼성 라이온즈","류지혁","433920","2B","31","464","7.1","15.7","0.042","0.336","87.9","-3.5","2.00","https://www.kbofancystats.com/teams/samsunglions/"
"2025","삼성 라이온즈","김지찬","1652048","CF","24","373","10.2","11.8","0.041","0.322","92.8","-5.4","1.99","https://www.kbofancystats.com/teams/samsunglions/"
"2025","삼성 라이온즈","박승규","1641640","CF","25","200","10.5","21.5","0.132","0.352","123.6","5.8","1.86","https://www.kbofancystats.com/teams/samsunglions/"
"2025","삼성 라이온즈","전병우","1101217","3B","33","97","19.6","27.8","0.065","0.408","125.6","1.8","1.00","https://www.kbofancystats.com/teams/samsunglions/"
"2025","삼성 라이온즈","박계범","973509","2B","29","198","7.1","22.7","0.091","0.346","81.8","2.4","0.90","https://www.kbofancystats.com/teams/samsunglions/"
"2025","삼성 라이온즈","이성규","1216202","RF","32","154","9.7","33.8","0.198","0.271","102.1","1.4","0.84","https://www.kbofancystats.com/teams/samsunglions/"
"2025","삼성 라이온즈","김헌곤","154514","RF","37","191","5.8","15.2","0.069","0.259","63.3","3.1","0.23","https://www.kbofancystats.com/teams/samsunglions/"
"2025","삼성 라이온즈","이병헌","1631608","C","26","59","5.1","22.0","0.109","0.244","57.4","0.2","0.16","https://www.kbofancystats.com/teams/samsunglions/"
"2025","삼성 라이온즈","김태훈","1098389","LF","29","98","3.1","24.5","0.075","0.299","55.1","4.1","0.15","https://www.kbofancystats.com/teams/samsunglions/"
"2025","삼성 라이온즈","홍현빈","1402999","CF","28","38","7.9","21.1","0.062","0.167","15.9","5.7","0.13","https://www.kbofancystats.com/teams/samsunglions/"
"2025","삼성 라이온즈","김도환","1631576","C","25","14","0.0","28.6","0.071","0.400","76.0","0.1","0.08","https://www.kbofancystats.com/teams/samsunglions/"
"2025","삼성 라이온즈","이창용","2935950","1B","26","17","11.8","47.1","0.267","0.333","106.4","-1.2","0.06","https://www.kbofancystats.com/teams/samsunglions/"
"2025","삼성 라이온즈","양우현","1631606","SS","25","16","0.0","12.5","0.062","0.214","17.3","1.9","0.04","https://www.kbofancystats.com/teams/samsunglions/"
"2025","삼성 라이온즈","박세혁","433922","C","36","93","5.4","30.1","0.105","0.211","34.1","0.4","0.01","https://www.kbofancystats.com/teams/samsunglions/"
"2025","삼성 라이온즈","차승준","2941628","DH","19","1","0.0","0.0","0.000","0.000","-105.5","N/A","-0.02","https://www.kbofancystats.com/teams/samsunglions/"
"2025","삼성 라이온즈","박진우","2954529","DH","22","1","0.0","0.0","0.000","0.000","-105.5","N/A","-0.02","https://www.kbofancystats.com/teams/samsunglions/"
"2025","삼성 라이온즈","김재혁","1672551","DH","26","4","25.0","50.0","0.000","0.000","8.2","N/A","-0.02","https://www.kbofancystats.com/teams/samsunglions/"
"2025","삼성 라이온즈","심재훈","2941629","2B","19","43","9.3","30.2","0.000","0.280","30.7","0.9","-0.03","https://www.kbofancystats.com/teams/samsunglions/"
"2025","삼성 라이온즈","장승현","799418","C","31","2","0.0","0.0","0.000","0.000","-105.5","0","-0.03","https://www.kbofancystats.com/teams/samsunglions/"
"2025","삼성 라이온즈","이해승","1681510","SS","25","5","0.0","40.0","0.000","0.333","9.8","-1.1","-0.08","https://www.kbofancystats.com/teams/samsunglions/"
"2025","삼성 라이온즈","윤정빈","1616842","RF","26","46","8.7","39.1","0.025","0.292","26.9","0.3","-0.16","https://www.kbofancystats.com/teams/samsunglions/"
"2025","삼성 라이온즈","함수호","2941630","LF","19","14","0.0","42.9","0.000","0.375","18.0","-1.9","-0.16","https://www.kbofancystats.com/teams/samsunglions/"
"2025","삼성 라이온즈","김재성","1098402","C","29","73","8.2","31.5","0.032","0.195","14.5","-0.9","-0.19","https://www.kbofancystats.com/teams/samsunglions/"
"2025","SSG 랜더스","에레디아","2238518","LF","34","415","7.5","14.9","0.152","0.377","145.9","32.2","5.77","https://www.kbofancystats.com/teams/ssglanders/"
"2025","SSG 랜더스","최지훈","1652055","CF","28","574","7.5","15.2","0.087","0.327","98.9","25.7","5.03","https://www.kbofancystats.com/teams/ssglanders/"
"2025","SSG 랜더스","박성한","1403069","SS","27","538","14.7","17.3","0.106","0.331","118.0","3","4.91","https://www.kbofancystats.com/teams/ssglanders/"
"2025","SSG 랜더스","한유섬","433993","RF","36","511","9.0","23.5","0.152","0.339","114.2","3.8","3.80","https://www.kbofancystats.com/teams/ssglanders/"
"2025","SSG 랜더스","최정","10121","3B","38","406","12.6","23.2","0.238","0.265","131.7","-0.8","3.68","https://www.kbofancystats.com/teams/ssglanders/"
"2025","SSG 랜더스","김재환","10723","LF","37","407","14.0","23.6","0.163","0.295","113.4","2.7","2.78","https://www.kbofancystats.com/teams/ssglanders/"
"2025","SSG 랜더스","고명준","1656223","1B","23","500","4.0","19.8","0.155","0.315","100.7","5.2","2.34","https://www.kbofancystats.com/teams/ssglanders/"
"2025","SSG 랜더스","정준재","2934570","2B","23","442","11.5","21.0","0.043","0.326","77.2","4.8","2.20","https://www.kbofancystats.com/teams/ssglanders/"
"2025","SSG 랜더스","조형우","1656221","C","23","294","6.5","21.8","0.074","0.296","70.5","-2","1.24","https://www.kbofancystats.com/teams/ssglanders/"
"2025","SSG 랜더스","안상현","1216239","3B","28","289","6.2","29.4","0.116","0.367","86.5","-10.4","0.98","https://www.kbofancystats.com/teams/ssglanders/"
"2025","SSG 랜더스","오태곤","36189","LF","34","229","13.1","25.8","0.108","0.260","76.4","4.8","0.95","https://www.kbofancystats.com/teams/ssglanders/"
"2025","SSG 랜더스","류효승","1652057","DH","29","103","6.8","27.2","0.245","0.350","139.6","-0.9","0.91","https://www.kbofancystats.com/teams/ssglanders/"
"2025","SSG 랜더스","이지영","10404","C","39","216","5.1","10.2","0.086","0.253","66.2","-1.7","0.75","https://www.kbofancystats.com/teams/ssglanders/"
"2025","SSG 랜더스","최준우","1616849","LF","26","192","15.6","24.5","0.059","0.245","71.4","7.6","0.70","https://www.kbofancystats.com/teams/ssglanders/"
"2025","SSG 랜더스","현원회","1652053","1B","24","62","4.8","25.8","0.068","0.405","99.4","2.3","0.38","https://www.kbofancystats.com/teams/ssglanders/"
"2025","SSG 랜더스","석정우","1683573","3B","26","54","7.4","33.3","0.143","0.379","107.1","-2.4","0.27","https://www.kbofancystats.com/teams/ssglanders/"
"2025","SSG 랜더스","김성욱","778539","CF","32","132","5.3","26.5","0.098","0.256","48.7","6.5","0.21","https://www.kbofancystats.com/teams/ssglanders/"
"2025","SSG 랜더스","신범수","1216225","C","27","39","12.8","17.9","0.121","0.200","78.4","0.3","0.21","https://www.kbofancystats.com/teams/ssglanders/"
"2025","SSG 랜더스","김태윤","2953377","DH","22","4","50.0","0.0","0.000","0.500","266.1","N/A","0.08","https://www.kbofancystats.com/teams/ssglanders/"
"2025","SSG 랜더스","김성현","10201","3B","38","137","11.7","14.6","0.052","0.253","66.7","-5.1","0.05","https://www.kbofancystats.com/teams/ssglanders/"
"2025","SSG 랜더스","하재훈","1631575","RF","35","61","6.6","34.4","0.161","0.152","35.8","5.1","0.02","https://www.kbofancystats.com/teams/ssglanders/"
"2025","SSG 랜더스","이승민","2933511","DH","21","5","0.0","40.0","0.000","0.333","9.8","N/A","-0.03","https://www.kbofancystats.com/teams/ssglanders/"
"2025","SSG 랜더스","채현우","1632200","LF","30","52","5.8","25.0","0.125","0.229","47.6","-0.4","-0.04","https://www.kbofancystats.com/teams/ssglanders/"
"2025","SSG 랜더스","홍대인","2942663","DH","24","5","0.0","40.0","0.000","0.333","9.8","N/A","-0.05","https://www.kbofancystats.com/teams/ssglanders/"
"2025","SSG 랜더스","이정범","1403597","DH","27","3","0.0","66.7","0.000","0.000","-105.5","N/A","-0.06","https://www.kbofancystats.com/teams/ssglanders/"
"2025","SSG 랜더스","임근우","2954631","RF","26","5","0.0","20.0","0.000","0.000","-105.5","0.7","-0.06","https://www.kbofancystats.com/teams/ssglanders/"
"2025","SSG 랜더스","김수윤","1403071","3B","27","12","0.0","33.3","0.000","0.143","-17.9","-1","-0.14","https://www.kbofancystats.com/teams/ssglanders/"
