"season","kbo_player_id","player_uid","snapshot_team","player_name","position_group","record_team","has_record","source_url","ERA","G","CG","SHO","W","L","SV","HLD","WPCT","TBF","IP","H","HR","BB","HBP","SO","R","ER","IP_OUTS","IP_DECIMAL","WHIP"
"2025","50030","KBO-50030","KT 위즈","소형준","P","KT","1","https://www.koreabaseball.com/Futures/Player/PitcherTotal.aspx?playerId=50030","2.25","1","0","0","0","0","0","0","-","18","4","6","0","0","0","6","1","1","12","4.000","1.50"
"2025","50036","KBO-50036","키움 히어로즈","이강준","P","고양","1","https://www.koreabaseball.com/Futures/Player/PitcherTotal.aspx?playerId=50036","0.00","1","0","0","0","0","0","0","-","3","1","0","0","0","0","3","0","0","3","1.000","0.00"
"2025","50106","KBO-50106","LG 트윈스","유영찬","P","LG","1","https://www.koreabaseball.com/Futures/Player/PitcherTotal.aspx?playerId=50106","0.00","1","0","0","0","0","0","0","-","4","1","1","0","0","0","1","0","0","3","1.000","1.00"
"2025","50109","KBO-50109","KT 위즈","성재헌","P","KT","1","https://www.koreabaseball.com/Futures/Player/PitcherTotal.aspx?playerId=50109","8.22","28","0","0","1","2","1","7","0.333","119","23","36","4","14","0","15","24","21","69","23.000","2.17"
"2025","50206","KBO-50206","두산 베어스","최종인","P","두산","1","https://www.koreabaseball.com/Futures/Player/PitcherTotal.aspx?playerId=50206","9.45","19","0","0","1","2","0","1","0.333","116","20","35","4","19","2","18","29","21","60","20.000","2.70"
"2025","50211","KBO-50211","두산 베어스","제환유","P","두산","1","https://www.koreabaseball.com/Futures/Player/PitcherTotal.aspx?playerId=50211","3.11","13","0","0","3","2","0","0","0.600","270","63 2/3","59","3","27","4","54","25","22","191","63.667","1.35"
"2025","50430","KBO-50430","삼성 라이온즈","홍원표","P","삼성","1","https://www.koreabaseball.com/Futures/Player/PitcherTotal.aspx?playerId=50430","8.13","25","0","0","2","5","0","1","0.286","256","52","75","6","29","1","41","52","47","156","52.000","2.00"
"2025","50441","KBO-50441","삼성 라이온즈","황동재","P","삼성","1","https://www.koreabaseball.com/Futures/Player/PitcherTotal.aspx?playerId=50441","5.74","15","0","0","0","4","0","1","0.000","147","31 1/3","40","1","14","5","22","23","20","94","31.333","1.72"
"2025","50464","KBO-50464","삼성 라이온즈","이승민","P","삼성","1","https://www.koreabaseball.com/Futures/Player/PitcherTotal.aspx?playerId=50464","0.00","1","0","0","0","0","0","0","-","3","1","0","0","0","0","1","0","0","3","1.000","0.00"
"2025","50556","KBO-50556","롯데 자이언츠","최준용","P","롯데","1","https://www.koreabaseball.com/Futures/Player/PitcherTotal.aspx?playerId=50556","0.00","3","0","0","0","0","0","1","-","11","3 2/3","1","0","0","0","2","0","0","11","3.667","0.27"
"2025","50596","KBO-50596","롯데 자이언츠","홍민기","P","롯데","1","https://www.koreabaseball.com/Futures/Player/PitcherTotal.aspx?playerId=50596","8.35","11","0","0","2","2","0","1","0.500","90","18 1/3","22","3","9","2","28","19","17","55","18.333","1.69"
"2025","50604","KBO-50604","KIA 타이거즈","유지성","P","KIA","1","https://www.koreabaseball.com/Futures/Player/PitcherTotal.aspx?playerId=50604","4.11","35","0","0","1","3","1","6","0.250","156","35","38","4","14","3","39","18","16","105","35.000","1.49"
"2025","50641","KBO-50641","KIA 타이거즈","장재혁","P","KIA","1","https://www.koreabaseball.com/Futures/Player/PitcherTotal.aspx?playerId=50641","9.35","29","0","0","1","2","0","7","0.333","144","26","39","1","24","3","27","30","27","78","26.000","2.42"
"2025","50650","KBO-50650","KT 위즈","최용준","P","KT","1","https://www.koreabaseball.com/Futures/Player/PitcherTotal.aspx?playerId=50650","5.70","16","0","0","3","2","0","1","0.600","211","47 1/3","51","5","19","3","44","30","30","142","47.333","1.48"
"2025","50662","KBO-50662","KIA 타이거즈","정해영","P","KIA","1","https://www.koreabaseball.com/Futures/Player/PitcherTotal.aspx?playerId=50662","9.00","1","0","0","0","0","0","0","-","4","1","2","0","0","0","0","1","1","3","1.000","2.00"
"2025","50705","KBO-50705","한화 이글스","강재민","P","한화","1","https://www.koreabaseball.com/Futures/Player/PitcherTotal.aspx?playerId=50705","6.35","6","0","0","0","0","0","1","-","29","5 2/3","7","1","1","3","4","4","4","17","5.667","1.41"
"2025","50711","KBO-50711","한화 이글스","김승일","P","한화","1","https://www.koreabaseball.com/Futures/Player/PitcherTotal.aspx?playerId=50711","6.65","22","0","0","1","1","0","1","0.500","114","23","28","2","16","3","22","21","17","69","23.000","1.91"
"2025","50812","KBO-50812","SSG 랜더스","박시후","P","SSG","1","https://www.koreabaseball.com/Futures/Player/PitcherTotal.aspx?playerId=50812","3.31","6","0","0","1","0","0","1","1.000","66","16 1/3","12","1","7","0","16","6","6","49","16.333","1.16"
"2025","50859","KBO-50859","KT 위즈","오원석","P","KT","1","https://www.koreabaseball.com/Futures/Player/PitcherTotal.aspx?playerId=50859","6.00","1","0","0","1","0","0","0","1.000","14","3","5","0","0","0","5","2","2","9","3.000","1.67"
"2025","50904","KBO-50904","LG 트윈스","이종준","P","LG","1","https://www.koreabaseball.com/Futures/Player/PitcherTotal.aspx?playerId=50904","2.08","4","0","0","1","0","1","1","1.000","18","4 1/3","4","1","0","0","7","1","1","13","4.333","0.92"
"2025","50992","KBO-50992","NC 다이노스","김태경","P","NC","1","https://www.koreabaseball.com/Futures/Player/PitcherTotal.aspx?playerId=50992","3.83","11","0","0","2","3","0","0","0.400","184","42 1/3","41","3","20","2","33","18","18","127","42.333","1.44"
"2025","51058","KBO-51058","KT 위즈","한차현","P","KT","1","https://www.koreabaseball.com/Futures/Player/PitcherTotal.aspx?playerId=51058","4.15","29","1","0","6","5","1","2","0.545","355","84 2/3","86","10","22","4","68","44","39","254","84.667","1.28"
"2025","51111","KBO-51111","LG 트윈스","송승기","P","","0","https://www.koreabaseball.com/Futures/Player/PitcherTotal.aspx?playerId=51111","","","","","","","","","","","","","","","","","","","","",""
"2025","51154","KBO-51154","LG 트윈스","김진수","P","LG","1","https://www.koreabaseball.com/Futures/Player/PitcherTotal.aspx?playerId=51154","5.35","18","1","1","3","7","0","1","0.300","350","79","96","6","17","2","66","54","47","237","79.000","1.43"
"2025","51264","KBO-51264","두산 베어스","최승용","P","두산","1","https://www.koreabaseball.com/Futures/Player/PitcherTotal.aspx?playerId=51264","2.70","3","0","0","0","1","0","0","0.000","27","6 2/3","6","0","2","0","7","2","2","20","6.667","1.20"
"2025","51299","KBO-51299","KT 위즈","김주완","P","KT","1","https://www.koreabaseball.com/Futures/Player/PitcherTotal.aspx?playerId=51299","13.50","1","0","0","0","0","0","0","-","4","2/3","0","0","1","1","0","1","1","2","0.667","1.50"
"2025","51454","KBO-51454","삼성 라이온즈","이승현","P","삼성","1","https://www.koreabaseball.com/Futures/Player/PitcherTotal.aspx?playerId=51454","6.00","2","0","0","0","1","0","0","0.000","32","6","7","0","8","1","9","4","4","18","6.000","2.50"
"2025","51460","KBO-51460","삼성 라이온즈","이재희","P","삼성","1","https://www.koreabaseball.com/Futures/Player/PitcherTotal.aspx?playerId=51460","6.75","2","0","0","1","0","0","0","1.000","11","2 2/3","3","0","0","0","3","2","2","8","2.667","1.13"
"2025","51516","KBO-51516","롯데 자이언츠","김진욱","P","롯데","1","https://www.koreabaseball.com/Futures/Player/PitcherTotal.aspx?playerId=51516","6.66","19","1","0","6","7","0","0","0.462","356","75 2/3","101","10","32","0","71","61","56","227","75.667","1.76"
"2025","51526","KBO-51526","LG 트윈스","우강훈","P","LG","1","https://www.koreabaseball.com/Futures/Player/PitcherTotal.aspx?playerId=51526","2.87","17","0","0","1","0","0","3","1.000","71","15 2/3","17","2","7","1","18","5","5","47","15.667","1.53"
"2025","51546","KBO-51546","롯데 자이언츠","정우준","P","롯데","1","https://www.koreabaseball.com/Futures/Player/PitcherTotal.aspx?playerId=51546","6.87","30","0","0","4","5","0","3","0.444","360","76","103","17","26","9","61","61","58","228","76.000","1.70"
"2025","51592","KBO-51592","롯데 자이언츠","이병준","P","롯데","1","https://www.koreabaseball.com/Futures/Player/PitcherTotal.aspx?playerId=51592","8.02","10","0","0","2","3","0","0","0.400","177","33 2/3","47","1","27","10","28","38","30","101","33.667","2.20"
"2025","51594","KBO-51594","롯데 자이언츠","송재영","P","롯데","1","https://www.koreabaseball.com/Futures/Player/PitcherTotal.aspx?playerId=51594","5.54","12","0","0","2","0","0","2","1.000","59","13","17","1","4","0","17","10","8","39","13.000","1.62"
"2025","51648","KBO-51648","KIA 타이거즈","이의리","P","KIA","1","https://www.koreabaseball.com/Futures/Player/PitcherTotal.aspx?playerId=51648","1.08","3","0","0","0","0","0","0","-","38","8 1/3","8","0","5","0","14","3","1","25","8.333","1.56"
"2025","51715","KBO-51715","한화 이글스","김기중","P","한화","1","https://www.koreabaseball.com/Futures/Player/PitcherTotal.aspx?playerId=51715","4.63","15","0","0","0","2","0","0","0.000","253","56 1/3","75","6","12","3","57","33","29","169","56.333","1.54"
"2025","51761","KBO-51761","한화 이글스","배동현","P","한화","1","https://www.koreabaseball.com/Futures/Player/PitcherTotal.aspx?playerId=51761","4.32","37","0","0","3","4","1","4","0.429","176","41 2/3","43","6","10","1","43","22","20","125","41.667","1.27"
"2025","51867","KBO-51867","SSG 랜더스","김건우","P","SSG","1","https://www.koreabaseball.com/Futures/Player/PitcherTotal.aspx?playerId=51867","4.97","7","0","0","1","1","0","0","0.500","116","25 1/3","23","2","16","1","31","17","14","76","25.333","1.54"
"2025","51895","KBO-51895","SSG 랜더스","장지훈","P","SSG","1","https://www.koreabaseball.com/Futures/Player/PitcherTotal.aspx?playerId=51895","3.52","17","0","0","3","1","0","2","0.750","103","23","23","1","10","3","15","12","9","69","23.000","1.43"
"2025","51897","KBO-51897","SSG 랜더스","조병현","P","","0","https://www.koreabaseball.com/Futures/Player/PitcherTotal.aspx?playerId=51897","","","","","","","","","","","","","","","","","","","","",""
"2025","51994","KBO-51994","KIA 타이거즈","한재승","P","KIA","1","https://www.koreabaseball.com/Futures/Player/PitcherTotal.aspx?playerId=51994","7.94","9","0","0","2","1","0","2","0.667","92","17","22","3","21","1","14","15","15","51","17.000","2.53"
"2025","52060","KBO-52060","KT 위즈","박영현","P","","0","https://www.koreabaseball.com/Futures/Player/PitcherTotal.aspx?playerId=52060","","","","","","","","","","","","","","","","","","","","",""
"2025","52119","KBO-52119","LG 트윈스","허준혁","P","LG","1","https://www.koreabaseball.com/Futures/Player/PitcherTotal.aspx?playerId=52119","4.57","23","0","0","1","0","2","1","1.000","106","21 2/3","24","4","16","0","19","13","11","65","21.667","1.85"
"2025","52202","KBO-52202","두산 베어스","윤태호","P","두산","1","https://www.koreabaseball.com/Futures/Player/PitcherTotal.aspx?playerId=52202","3.77","5","0","0","1","1","0","0","0.500","58","14 1/3","9","2","6","0","13","6","6","43","14.333","1.05"
"2025","52204","KBO-52204","두산 베어스","이병헌","P","두산","1","https://www.koreabaseball.com/Futures/Player/PitcherTotal.aspx?playerId=52204","6.15","27","0","0","3","3","0","4","0.500","132","26 1/3","34","3","19","2","21","20","18","79","26.333","2.01"
"2025","52206","KBO-52206","두산 베어스","최지강","P","두산","1","https://www.koreabaseball.com/Futures/Player/PitcherTotal.aspx?playerId=52206","2.84","6","0","0","1","0","0","1","1.000","28","6 1/3","5","0","5","1","4","2","2","19","6.333","1.58"
"2025","52330","KBO-52330","키움 히어로즈","주승우","P","","0","https://www.koreabaseball.com/Futures/Player/PitcherTotal.aspx?playerId=52330","","","","","","","","","","","","","","","","","","","","",""
"2025","52395","KBO-52395","키움 히어로즈","윤석원","P","고양","1","https://www.koreabaseball.com/Futures/Player/PitcherTotal.aspx?playerId=52395","2.35","20","0","0","2","2","0","3","0.500","90","23","16","0","9","0","17","7","6","69","23.000","1.09"
"2025","52530","KBO-52530","롯데 자이언츠","이민석","P","롯데","1","https://www.koreabaseball.com/Futures/Player/PitcherTotal.aspx?playerId=52530","4.45","8","0","0","3","2","0","1","0.600","126","28 1/3","30","3","18","1","24","14","14","85","28.333","1.69"
"2025","52639","KBO-52639","KIA 타이거즈","최지민","P","KIA","1","https://www.koreabaseball.com/Futures/Player/PitcherTotal.aspx?playerId=52639","0.00","2","0","0","1","0","0","0","1.000","10","3","1","0","0","0","2","0","0","9","3.000","0.33"
"2025","52641","KBO-52641","KIA 타이거즈","황동하","P","KIA","1","https://www.koreabaseball.com/Futures/Player/PitcherTotal.aspx?playerId=52641","16.88","2","0","0","0","1","0","0","0.000","14","2 2/3","3","1","3","0","2","5","5","8","2.667","2.25"
"2025","52701","KBO-52701","한화 이글스","문동주","P","","0","https://www.koreabaseball.com/Futures/Player/PitcherTotal.aspx?playerId=52701","","","","","","","","","","","","","","","","","","","","",""
"2025","52731","KBO-52731","한화 이글스","박준영","P","한화","1","https://www.koreabaseball.com/Futures/Player/PitcherTotal.aspx?playerId=52731","5.47","11","0","0","0","3","0","2","0.000","113","24 2/3","27","2","17","1","27","21","15","74","24.667","1.78"
"2025","52809","KBO-52809","SSG 랜더스","전영준","P","SSG","1","https://www.koreabaseball.com/Futures/Player/PitcherTotal.aspx?playerId=52809","3.81","7","0","0","2","2","0","0","0.500","106","26","22","4","7","1","28","11","11","78","26.000","1.12"
"2025","52902","KBO-52902","NC 다이노스","임지민","P","NC","1","https://www.koreabaseball.com/Futures/Player/PitcherTotal.aspx?playerId=52902","2.70","7","0","0","1","0","0","1","1.000","29","6 2/3","6","0","4","0","12","2","2","20","6.667","1.50"
"2025","52903","KBO-52903","NC 다이노스","조민석","P","NC","1","https://www.koreabaseball.com/Futures/Player/PitcherTotal.aspx?playerId=52903","4.66","25","0","0","6","4","0","2","0.600","334","77 1/3","80","8","27","4","48","43","40","232","77.333","1.38"
"2025","52992","KBO-52992","NC 다이노스","이준혁","P","NC","1","https://www.koreabaseball.com/Futures/Player/PitcherTotal.aspx?playerId=52992","3.16","12","0","0","0","1","1","1","0.000","181","42 2/3","32","3","20","4","34","16","15","128","42.667","1.22"
"2025","52995","KBO-52995","NC 다이노스","김녹원","P","NC","1","https://www.koreabaseball.com/Futures/Player/PitcherTotal.aspx?playerId=52995","4.99","7","0","0","2","3","0","0","0.400","135","30 2/3","29","6","14","1","28","21","17","92","30.667","1.40"
"2025","53006","KBO-53006","KT 위즈","강건","P","KT","1","https://www.koreabaseball.com/Futures/Player/PitcherTotal.aspx?playerId=53006","4.12","21","0","0","3","6","0","1","0.333","385","87 1/3","85","7","44","3","74","53","40","262","87.333","1.48"
"2025","53102","KBO-53102","LG 트윈스","허용주","P","LG","1","https://www.koreabaseball.com/Futures/Player/PitcherTotal.aspx?playerId=53102","7.00","10","0","0","1","0","0","1","1.000","40","9","7","0","7","1","7","7","7","27","9.000","1.56"
"2025","53139","KBO-53139","LG 트윈스","박명근","P","LG","1","https://www.koreabaseball.com/Futures/Player/PitcherTotal.aspx?playerId=53139","0.00","7","0","0","0","0","0","1","-","25","6 2/3","2","0","3","0","6","0","0","20","6.667","0.75"
"2025","53164","KBO-53164","키움 히어로즈","김동규","P","고양","1","https://www.koreabaseball.com/Futures/Player/PitcherTotal.aspx?playerId=53164","12.27","15","0","0","1","0","0","0","1.000","86","14 2/3","11","1","26","5","20","20","20","44","14.667","2.52"
"2025","53259","KBO-53259","두산 베어스","최준호","P","두산","1","https://www.koreabaseball.com/Futures/Player/PitcherTotal.aspx?playerId=53259","8.14","7","0","0","0","2","0","0","0.000","103","21","27","1","12","2","23","20","19","63","21.000","1.86"
"2025","53262","KBO-53262","두산 베어스","김유성","P","두산","1","https://www.koreabaseball.com/Futures/Player/PitcherTotal.aspx?playerId=53262","8.48","17","0","0","2","3","0","2","0.400","148","28 2/3","29","2","28","7","29","27","27","86","28.667","1.99"
"2025","53301","KBO-53301","키움 히어로즈","박윤성","P","고양","1","https://www.koreabaseball.com/Futures/Player/PitcherTotal.aspx?playerId=53301","9.00","4","0","0","0","0","0","0","-","24","4","7","0","4","0","4","9","4","12","4.000","2.75"
"2025","53375","KBO-53375","삼성 라이온즈","후라도","P","","0","https://www.koreabaseball.com/Futures/Player/PitcherTotal.aspx?playerId=53375","","","","","","","","","","","","","","","","","","","","",""
"2025","53455","KBO-53455","삼성 라이온즈","이호성","P","삼성","1","https://www.koreabaseball.com/Futures/Player/PitcherTotal.aspx?playerId=53455","0.00","1","0","0","0","0","0","0","-","3","1","0","0","0","0","1","0","0","3","1.000","0.00"
"2025","53609","KBO-53609","KIA 타이거즈","곽도규","P","","0","https://www.koreabaseball.com/Futures/Player/PitcherTotal.aspx?playerId=53609","","","","","","","","","","","","","","","","","","","","",""
"2025","53613","KBO-53613","KIA 타이거즈","윤영철","P","KIA","1","https://www.koreabaseball.com/Futures/Player/PitcherTotal.aspx?playerId=53613","4.35","2","0","0","1","0","0","0","1.000","45","10 1/3","11","1","5","0","8","5","5","31","10.333","1.55"
"2025","53615","KBO-53615","KIA 타이거즈","이도현","P","KIA","1","https://www.koreabaseball.com/Futures/Player/PitcherTotal.aspx?playerId=53615","6.89","18","0","0","4","4","0","0","0.500","382","78 1/3","94","8","53","15","62","63","60","235","78.333","1.88"
"2025","53754","KBO-53754","한화 이글스","김서현","P","","0","https://www.koreabaseball.com/Futures/Player/PitcherTotal.aspx?playerId=53754","","","","","","","","","","","","","","","","","","","","",""
"2025","53892","KBO-53892","SSG 랜더스","이로운","P","","0","https://www.koreabaseball.com/Futures/Player/PitcherTotal.aspx?playerId=53892","","","","","","","","","","","","","","","","","","","","",""
"2025","53898","KBO-53898","SSG 랜더스","송영진","P","SSG","1","https://www.koreabaseball.com/Futures/Player/PitcherTotal.aspx?playerId=53898","7.36","4","0","0","2","1","0","0","0.667","51","11","13","2","5","0","8","9","9","33","11.000","1.64"
"2025","53919","KBO-53919","NC 다이노스","신영우","P","NC","1","https://www.koreabaseball.com/Futures/Player/PitcherTotal.aspx?playerId=53919","6.60","19","0","0","4","5","0","0","0.444","347","73 2/3","57","9","63","15","92","57","54","221","73.667","1.63"
"2025","53973","KBO-53973","NC 다이노스","목지훈","P","NC","1","https://www.koreabaseball.com/Futures/Player/PitcherTotal.aspx?playerId=53973","6.10","3","0","0","0","0","0","0","-","42","10 1/3","7","3","6","0","5","7","7","31","10.333","1.26"
"2025","54014","KBO-54014","KT 위즈","이현민","P","KT","1","https://www.koreabaseball.com/Futures/Player/PitcherTotal.aspx?playerId=54014","8.64","9","0","0","1","1","0","1","0.500","39","8 1/3","10","0","4","0","6","9","8","25","8.333","1.68"
"2025","54063","KBO-54063","KT 위즈","원상현","P","KT","1","https://www.koreabaseball.com/Futures/Player/PitcherTotal.aspx?playerId=54063","0.00","4","0","0","0","0","0","1","-","12","3 2/3","2","0","0","0","4","0","0","11","3.667","0.55"
"2025","54148","KBO-54148","LG 트윈스","진우영","P","LG","1","https://www.koreabaseball.com/Futures/Player/PitcherTotal.aspx?playerId=54148","5.30","24","0","0","2","7","1","2","0.222","234","52 2/3","43","4","35","6","50","33","31","158","52.667","1.48"
"2025","54213","KBO-54213","두산 베어스","박지호","P","두산","1","https://www.koreabaseball.com/Futures/Player/PitcherTotal.aspx?playerId=54213","10.29","8","0","0","1","1","0","1","0.500","39","7","11","2","7","0","8","9","8","21","7.000","2.57"
"2025","54263","KBO-54263","두산 베어스","김택연","P","","0","https://www.koreabaseball.com/Futures/Player/PitcherTotal.aspx?playerId=54263","","","","","","","","","","","","","","","","","","","","",""
"2025","54319","KBO-54319","키움 히어로즈","김윤하","P","고양","1","https://www.koreabaseball.com/Futures/Player/PitcherTotal.aspx?playerId=54319","6.06","5","0","0","0","1","0","0","0.000","78","16 1/3","20","0","8","2","12","13","11","49","16.333","1.71"
"2025","54354","KBO-54354","KT 위즈","헤이수스","P","","0","https://www.koreabaseball.com/Futures/Player/PitcherTotal.aspx?playerId=54354","","","","","","","","","","","","","","","","","","","","",""
"2025","54362","KBO-54362","키움 히어로즈","전준표","P","고양","1","https://www.koreabaseball.com/Futures/Player/PitcherTotal.aspx?playerId=54362","3.24","8","0","0","2","1","0","1","0.667","73","16 2/3","17","1","10","0","12","10","6","50","16.667","1.62"
"2025","54363","KBO-54363","키움 히어로즈","손현기","P","고양","1","https://www.koreabaseball.com/Futures/Player/PitcherTotal.aspx?playerId=54363","7.02","28","0","0","1","2","0","3","0.333","211","42 1/3","51","3","33","3","37","42","33","127","42.333","1.98"
"2025","54368","KBO-54368","키움 히어로즈","김연주","P","고양","1","https://www.koreabaseball.com/Futures/Player/PitcherTotal.aspx?playerId=54368","5.59","11","0","0","0","6","1","1","0.000","179","38 2/3","46","3","18","2","29","27","24","116","38.667","1.66"
"2025","54401","KBO-54401","삼성 라이온즈","김대호","P","삼성","1","https://www.koreabaseball.com/Futures/Player/PitcherTotal.aspx?playerId=54401","5.12","15","0","0","4","3","0","0","0.571","255","58","68","7","14","4","34","38","33","174","58.000","1.41"
"2025","54404","KBO-54404","삼성 라이온즈","육선엽","P","삼성","1","https://www.koreabaseball.com/Futures/Player/PitcherTotal.aspx?playerId=54404","2.01","14","0","0","2","1","2","0","0.667","93","22 1/3","17","1","10","0","30","9","5","67","22.333","1.21"
"2025","54467","KBO-54467","삼성 라이온즈","정민성","P","삼성","1","https://www.koreabaseball.com/Futures/Player/PitcherTotal.aspx?playerId=54467","4.31","15","0","0","5","2","0","0","0.714","276","62 2/3","60","5","25","10","72","34","30","188","62.667","1.36"
"2025","54503","KBO-54503","롯데 자이언츠","박준우","P","롯데","1","https://www.koreabaseball.com/Futures/Player/PitcherTotal.aspx?playerId=54503","11.07","15","0","0","2","2","0","3","0.500","110","20 1/3","40","6","11","0","17","26","25","61","20.333","2.51"
"2025","54537","KBO-54537","롯데 자이언츠","정현수","P","","0","https://www.koreabaseball.com/Futures/Player/PitcherTotal.aspx?playerId=54537","","","","","","","","","","","","","","","","","","","","",""
"2025","54610","KBO-54610","KIA 타이거즈","성영탁","P","KIA","1","https://www.koreabaseball.com/Futures/Player/PitcherTotal.aspx?playerId=54610","4.97","13","0","0","1","0","0","1","1.000","116","25 1/3","33","6","9","0","21","15","14","76","25.333","1.66"
"2025","54640","KBO-54640","KIA 타이거즈","네일","P","","0","https://www.koreabaseball.com/Futures/Player/PitcherTotal.aspx?playerId=54640","","","","","","","","","","","","","","","","","","","","",""
"2025","54645","KBO-54645","KIA 타이거즈","김민주","P","KIA","1","https://www.koreabaseball.com/Futures/Player/PitcherTotal.aspx?playerId=54645","6.43","7","0","0","1","0","0","4","1.000","35","7","8","1","2","3","11","5","5","21","7.000","1.43"
"2025","54702","KBO-54702","한화 이글스","원종혁","P","한화","1","https://www.koreabaseball.com/Futures/Player/PitcherTotal.aspx?playerId=54702","5.75","35","0","0","0","2","5","3","0.000","163","36","31","3","20","7","34","23","23","108","36.000","1.42"
"2025","54705","KBO-54705","한화 이글스","김도빈","P","한화","1","https://www.koreabaseball.com/Futures/Player/PitcherTotal.aspx?playerId=54705","5.40","21","0","0","4","0","0","2","1.000","124","26 2/3","28","2","19","1","29","19","16","80","26.667","1.76"
"2025","54729","KBO-54729","한화 이글스","황준서","P","한화","1","https://www.koreabaseball.com/Futures/Player/PitcherTotal.aspx?playerId=54729","3.80","9","0","0","5","1","0","0","0.833","195","47 1/3","39","3","19","2","45","25","20","142","47.333","1.23"
"2025","54755","KBO-54755","한화 이글스","와이스","P","","0","https://www.koreabaseball.com/Futures/Player/PitcherTotal.aspx?playerId=54755","","","","","","","","","","","","","","","","","","","","",""
"2025","54768","KBO-54768","한화 이글스","조동욱","P","","0","https://www.koreabaseball.com/Futures/Player/PitcherTotal.aspx?playerId=54768","","","","","","","","","","","","","","","","","","","","",""
"2025","54802","KBO-54802","SSG 랜더스","박기호","P","SSG","1","https://www.koreabaseball.com/Futures/Player/PitcherTotal.aspx?playerId=54802","3.97","26","0","0","3","3","0","1","0.500","204","47 2/3","48","3","22","1","36","22","21","143","47.667","1.47"
"2025","54803","KBO-54803","SSG 랜더스","최현석","P","SSG","1","https://www.koreabaseball.com/Futures/Player/PitcherTotal.aspx?playerId=54803","3.60","12","0","0","2","1","2","0","0.667","105","25","23","2","8","2","19","11","10","75","25.000","1.24"
"2025","54807","KBO-54807","SSG 랜더스","박성빈","P","SSG","1","https://www.koreabaseball.com/Futures/Player/PitcherTotal.aspx?playerId=54807","6.83","26","0","0","2","2","3","0","0.500","139","27 2/3","40","3","18","3","18","24","21","83","27.667","2.10"
"2025","54833","KBO-54833","SSG 랜더스","앤더슨","P","","0","https://www.koreabaseball.com/Futures/Player/PitcherTotal.aspx?playerId=54833","","","","","","","","","","","","","","","","","","","","",""
"2025","54900","KBO-54900","NC 다이노스","임상현","P","NC","1","https://www.koreabaseball.com/Futures/Player/PitcherTotal.aspx?playerId=54900","4.84","15","0","0","2","2","0","0","0.500","256","57 2/3","59","8","29","3","46","37","31","173","57.667","1.53"
"2025","54903","KBO-54903","NC 다이노스","최우석","P","NC","1","https://www.koreabaseball.com/Futures/Player/PitcherTotal.aspx?playerId=54903","8.66","20","0","0","0","1","0","4","0.000","97","17 2/3","17","2","24","4","16","19","17","53","17.667","2.32"
"2025","54904","KBO-54904","NC 다이노스","손주환","P","NC","1","https://www.koreabaseball.com/Futures/Player/PitcherTotal.aspx?playerId=54904","2.45","4","0","0","0","0","0","0","-","17","3 2/3","5","0","0","0","4","3","1","11","3.667","1.36"
"2025","54906","KBO-54906","NC 다이노스","원종해","P","NC","1","https://www.koreabaseball.com/Futures/Player/PitcherTotal.aspx?playerId=54906","8.26","9","0","0","1","1","0","0","0.500","141","28 1/3","39","2","12","8","21","26","26","85","28.333","1.80"
"2025","54913","KBO-54913","NC 다이노스","김민규","P","NC","1","https://www.koreabaseball.com/Futures/Player/PitcherTotal.aspx?playerId=54913","4.96","32","0","0","3","2","2","4","0.600","144","32 2/3","31","2","15","4","21","24","18","98","32.667","1.41"
"2025","55032","KBO-55032","KT 위즈","패트릭","P","","0","https://www.koreabaseball.com/Futures/Player/PitcherTotal.aspx?playerId=55032","","","","","","","","","","","","","","","","","","","","",""
"2025","55040","KBO-55040","KT 위즈","김동현","P","KT","1","https://www.koreabaseball.com/Futures/Player/PitcherTotal.aspx?playerId=55040","4.44","12","0","0","0","1","0","1","0.000","128","26 1/3","28","1","19","2","25","18","13","79","26.333","1.78"
"2025","55043","KBO-55043","KT 위즈","김재원","P","KT","1","https://www.koreabaseball.com/Futures/Player/PitcherTotal.aspx?playerId=55043","5.15","29","0","0","2","3","0","1","0.400","171","36 2/3","33","2","29","1","39","22","21","110","36.667","1.69"
"2025","55046","KBO-55046","KT 위즈","박건우","P","KT","1","https://www.koreabaseball.com/Futures/Player/PitcherTotal.aspx?playerId=55046","0.00","2","0","0","0","0","0","0","-","7","1 1/3","1","0","2","0","2","0","0","4","1.333","2.25"
"2025","55121","KBO-55121","LG 트윈스","박시원","P","LG","1","https://www.koreabaseball.com/Futures/Player/PitcherTotal.aspx?playerId=55121","5.57","17","0","0","5","3","0","0","0.625","239","51 2/3","60","5","31","2","47","36","32","155","51.667","1.76"
"2025","55122","KBO-55122","LG 트윈스","김종운","P","LG","1","https://www.koreabaseball.com/Futures/Player/PitcherTotal.aspx?playerId=55122","3.83","17","0","0","3","2","1","1","0.600","212","49 1/3","45","2","21","1","24","25","21","148","49.333","1.34"
"2025","55130","KBO-55130","LG 트윈스","톨허스트","P","","0","https://www.koreabaseball.com/Futures/Player/PitcherTotal.aspx?playerId=55130","","","","","","","","","","","","","","","","","","","","",""
"2025","55146","KBO-55146","LG 트윈스","치리노스","P","","0","https://www.koreabaseball.com/Futures/Player/PitcherTotal.aspx?playerId=55146","","","","","","","","","","","","","","","","","","","","",""
"2025","55163","KBO-55163","LG 트윈스","추세현","P","LG","1","https://www.koreabaseball.com/Futures/Player/PitcherTotal.aspx?playerId=55163","6.75","4","0","0","0","0","0","0","-","15","2 2/3","3","0","4","0","3","2","2","8","2.667","2.63"
"2025","55167","KBO-55167","LG 트윈스","김영우","P","","0","https://www.koreabaseball.com/Futures/Player/PitcherTotal.aspx?playerId=55167","","","","","","","","","","","","","","","","","","","","",""
"2025","55215","KBO-55215","두산 베어스","양재훈","P","두산","1","https://www.koreabaseball.com/Futures/Player/PitcherTotal.aspx?playerId=55215","1.35","6","0","0","0","0","0","0","-","55","13 1/3","7","1","8","1","16","3","2","40","13.333","1.13"
"2025","55221","KBO-55221","두산 베어스","김한중","P","두산","1","https://www.koreabaseball.com/Futures/Player/PitcherTotal.aspx?playerId=55221","3.48","18","0","0","1","2","1","0","0.333","95","20 2/3","20","1","11","4","16","12","8","62","20.667","1.50"
"2025","55239","KBO-55239","두산 베어스","잭로그","P","","0","https://www.koreabaseball.com/Futures/Player/PitcherTotal.aspx?playerId=55239","","","","","","","","","","","","","","","","","","","","",""
"2025","55257","KBO-55257","두산 베어스","콜어빈","P","","0","https://www.koreabaseball.com/Futures/Player/PitcherTotal.aspx?playerId=55257","","","","","","","","","","","","","","","","","","","","",""
"2025","55258","KBO-55258","두산 베어스","황희천","P","두산","1","https://www.koreabaseball.com/Futures/Player/PitcherTotal.aspx?playerId=55258","3.00","5","0","0","0","0","0","1","-","16","3","3","0","4","1","4","1","1","9","3.000","2.33"
"2025","55267","KBO-55267","두산 베어스","홍민규","P","두산","1","https://www.koreabaseball.com/Futures/Player/PitcherTotal.aspx?playerId=55267","1.64","14","0","0","0","0","0","2","-","88","22","21","0","5","1","15","5","4","66","22.000","1.18"
"2025","55268","KBO-55268","두산 베어스","최민석","P","두산","1","https://www.koreabaseball.com/Futures/Player/PitcherTotal.aspx?playerId=55268","0.75","4","0","0","0","0","0","0","-","46","12","9","0","1","0","11","2","1","36","12.000","0.83"
"2025","55300","KBO-55300","키움 히어로즈","손힘찬","P","고양","1","https://www.koreabaseball.com/Futures/Player/PitcherTotal.aspx?playerId=55300","7.81","21","0","0","5","10","0","0","0.333","376","78 1/3","112","10","35","3","54","71","68","235","78.333","1.88"
"2025","55301","KBO-55301","키움 히어로즈","이준우","P","고양","1","https://www.koreabaseball.com/Futures/Player/PitcherTotal.aspx?playerId=55301","8.31","24","0","0","2","2","1","1","0.500","109","21 2/3","28","3","15","2","11","25","20","65","21.667","1.98"
"2025","55313","KBO-55313","키움 히어로즈","정현우","P","고양","1","https://www.koreabaseball.com/Futures/Player/PitcherTotal.aspx?playerId=55313","13.50","2","0","0","0","0","0","0","-","20","3 1/3","7","0","2","0","2","7","5","10","3.333","2.70"
"2025","55342","KBO-55342","키움 히어로즈","메르세데스","P","","0","https://www.koreabaseball.com/Futures/Player/PitcherTotal.aspx?playerId=55342","","","","","","","","","","","","","","","","","","","","",""
"2025","55359","KBO-55359","키움 히어로즈","김서준","P","고양","1","https://www.koreabaseball.com/Futures/Player/PitcherTotal.aspx?playerId=55359","8.46","26","0","0","1","3","0","0","0.250","281","55 1/3","68","6","52","3","45","56","52","166","55.333","2.17"
"2025","55377","KBO-55377","키움 히어로즈","정세영","P","고양","1","https://www.koreabaseball.com/Futures/Player/PitcherTotal.aspx?playerId=55377","4.73","19","0","0","2","7","0","0","0.222","327","72 1/3","68","9","42","5","53","44","38","217","72.333","1.52"
"2025","55382","KBO-55382","키움 히어로즈","임진묵","P","고양","1","https://www.koreabaseball.com/Futures/Player/PitcherTotal.aspx?playerId=55382","5.29","34","0","0","1","2","1","5","0.333","157","34","36","6","24","1","28","24","20","102","34.000","1.76"
"2025","55394","KBO-55394","키움 히어로즈","박정훈","P","고양","1","https://www.koreabaseball.com/Futures/Player/PitcherTotal.aspx?playerId=55394","9.36","19","0","0","2","2","0","1","0.500","175","33 2/3","41","2","30","5","28","39","35","101","33.667","2.11"
"2025","55396","KBO-55396","키움 히어로즈","윤현","P","고양","1","https://www.koreabaseball.com/Futures/Player/PitcherTotal.aspx?playerId=55396","9.22","26","0","0","1","3","3","2","0.250","149","27 1/3","30","0","32","10","19","29","28","82","27.333","2.27"
"2025","55441","KBO-55441","삼성 라이온즈","권현우","P","","0","https://www.koreabaseball.com/Futures/Player/PitcherTotal.aspx?playerId=55441","","","","","","","","","","","","","","","","","","","","",""
"2025","55455","KBO-55455","삼성 라이온즈","배찬승","P","삼성","1","https://www.koreabaseball.com/Futures/Player/PitcherTotal.aspx?playerId=55455","13.50","1","0","0","0","0","0","0","-","4","2/3","1","0","1","0","0","1","1","2","0.667","3.00"
"2025","55460","KBO-55460","삼성 라이온즈","가라비토","P","","0","https://www.koreabaseball.com/Futures/Player/PitcherTotal.aspx?playerId=55460","","","","","","","","","","","","","","","","","","","","",""
"2025","55503","KBO-55503","롯데 자이언츠","이영재","P","롯데","1","https://www.koreabaseball.com/Futures/Player/PitcherTotal.aspx?playerId=55503","3.56","30","0","0","4","1","0","6","0.800","212","48","40","5","33","0","47","19","19","144","48.000","1.52"
"2025","55526","KBO-55526","롯데 자이언츠","벨라스케즈","P","","0","https://www.koreabaseball.com/Futures/Player/PitcherTotal.aspx?playerId=55526","","","","","","","","","","","","","","","","","","","","",""
"2025","55532","KBO-55532","롯데 자이언츠","감보아","P","롯데","1","https://www.koreabaseball.com/Futures/Player/PitcherTotal.aspx?playerId=55532","0.00","1","0","0","0","0","0","0","-","12","3","3","0","0","0","4","0","0","9","3.000","1.00"
"2025","55566","KBO-55566","롯데 자이언츠","김태현","P","롯데","1","https://www.koreabaseball.com/Futures/Player/PitcherTotal.aspx?playerId=55566","2.53","14","0","0","1","0","0","1","1.000","146","32","21","2","28","3","38","12","9","96","32.000","1.53"
"2025","55568","KBO-55568","롯데 자이언츠","박세현","P","롯데","1","https://www.koreabaseball.com/Futures/Player/PitcherTotal.aspx?playerId=55568","5.27","19","0","0","0","2","1","1","0.000","137","27 1/3","41","4","17","3","22","19","16","82","27.333","2.12"
"2025","55610","KBO-55610","KIA 타이거즈","김태형","P","KIA","1","https://www.koreabaseball.com/Futures/Player/PitcherTotal.aspx?playerId=55610","8.45","14","0","0","0","7","0","0","0.000","253","49","75","7","31","5","30","56","46","147","49.000","2.16"
"2025","55632","KBO-55632","KIA 타이거즈","이성원","P","KIA","1","https://www.koreabaseball.com/Futures/Player/PitcherTotal.aspx?playerId=55632","4.97","11","0","0","1","1","2","0","0.500","63","12 2/3","11","0","13","2","16","9","7","38","12.667","1.89"
"2025","55633","KBO-55633","KIA 타이거즈","올러","P","KIA","1","https://www.koreabaseball.com/Futures/Player/PitcherTotal.aspx?playerId=55633","4.50","1","0","0","0","0","0","0","-","11","2","3","0","2","0","3","1","1","6","2.000","2.50"
"2025","55646","KBO-55646","KIA 타이거즈","김정엽","P","KIA","1","https://www.koreabaseball.com/Futures/Player/PitcherTotal.aspx?playerId=55646","12.03","33","0","0","2","3","1","4","0.400","179","30 2/3","45","4","41","3","28","45","41","92","30.667","2.80"
"2025","55659","KBO-55659","KIA 타이거즈","양수호","P","KIA","1","https://www.koreabaseball.com/Futures/Player/PitcherTotal.aspx?playerId=55659","4.70","8","0","0","0","1","1","0","0.000","35","7 2/3","6","1","6","1","9","4","4","23","7.667","1.57"
"2025","55663","KBO-55663","KIA 타이거즈","이호민","P","KIA","1","https://www.koreabaseball.com/Futures/Player/PitcherTotal.aspx?playerId=55663","3.63","13","1","0","3","0","0","0","1.000","162","39 2/3","31","3","14","1","39","17","16","119","39.667","1.13"
"2025","55730","KBO-55730","한화 이글스","폰세","P","","0","https://www.koreabaseball.com/Futures/Player/PitcherTotal.aspx?playerId=55730","","","","","","","","","","","","","","","","","","","","",""
"2025","55743","KBO-55743","한화 이글스","정우주","P","한화","1","https://www.koreabaseball.com/Futures/Player/PitcherTotal.aspx?playerId=55743","2.45","3","0","0","0","0","0","1","-","17","3 2/3","3","0","3","0","5","1","1","11","3.667","1.64"
"2025","55764","KBO-55764","한화 이글스","권민규","P","한화","1","https://www.koreabaseball.com/Futures/Player/PitcherTotal.aspx?playerId=55764","4.68","17","0","0","2","3","0","2","0.400","150","32 2/3","40","4","9","1","31","22","17","98","32.667","1.50"
"2025","55855","KBO-55855","SSG 랜더스","화이트","P","SSG","1","https://www.koreabaseball.com/Futures/Player/PitcherTotal.aspx?playerId=55855","7.20","2","0","0","0","0","0","0","-","20","5","4","1","1","0","5","4","4","15","5.000","1.00"
"2025","55860","KBO-55860","SSG 랜더스","신지환","P","SSG","1","https://www.koreabaseball.com/Futures/Player/PitcherTotal.aspx?playerId=55860","6.94","21","0","0","3","5","0","0","0.375","337","70","80","12","43","10","73","57","54","210","70.000","1.76"
"2025","55890","KBO-55890","SSG 랜더스","천범석","P","SSG","1","https://www.koreabaseball.com/Futures/Player/PitcherTotal.aspx?playerId=55890","5.55","18","0","0","0","3","0","0","0.000","277","60","83","11","20","3","40","49","37","180","60.000","1.72"
"2025","55903","KBO-55903","NC 다이노스","라일리","P","","0","https://www.koreabaseball.com/Futures/Player/PitcherTotal.aspx?playerId=55903","","","","","","","","","","","","","","","","","","","","",""
"2025","55912","KBO-55912","NC 다이노스","로건","P","","0","https://www.koreabaseball.com/Futures/Player/PitcherTotal.aspx?playerId=55912","","","","","","","","","","","","","","","","","","","","",""
"2025","55995","KBO-55995","NC 다이노스","김태훈","P","NC","1","https://www.koreabaseball.com/Futures/Player/PitcherTotal.aspx?playerId=55995","2.57","14","0","0","0","1","6","1","0.000","62","14","9","0","7","1","15","4","4","42","14.000","1.14"
"2025","55996","KBO-55996","NC 다이노스","홍재문","P","NC","1","https://www.koreabaseball.com/Futures/Player/PitcherTotal.aspx?playerId=55996","6.12","12","0","0","0","2","0","0","0.000","109","25","29","5","7","2","24","19","17","75","25.000","1.44"
"2025","55997","KBO-55997","NC 다이노스","이세민","P","NC","1","https://www.koreabaseball.com/Futures/Player/PitcherTotal.aspx?playerId=55997","5.45","8","0","0","2","2","0","0","0.500","150","33","31","5","21","2","28","21","20","99","33.000","1.58"
"2025","60146","KBO-60146","삼성 라이온즈","이승현","P","삼성","1","https://www.koreabaseball.com/Futures/Player/PitcherTotal.aspx?playerId=60146","2.25","4","0","0","1","0","0","1","1.000","18","4","6","0","1","0","1","1","1","12","4.000","1.75"
"2025","60263","KBO-60263","NC 다이노스","이재학","P","","0","https://www.koreabaseball.com/Futures/Player/PitcherTotal.aspx?playerId=60263","","","","","","","","","","","","","","","","","","","","",""
"2025","60337","KBO-60337","KIA 타이거즈","김대유","P","KIA","1","https://www.koreabaseball.com/Futures/Player/PitcherTotal.aspx?playerId=60337","8.22","24","0","0","0","0","0","5","-","77","15 1/3","20","3","7","4","16","19","14","46","15.333","1.76"
"2025","60559","KBO-60559","롯데 자이언츠","박시영","P","롯데","1","https://www.koreabaseball.com/Futures/Player/PitcherTotal.aspx?playerId=60559","1.29","32","0","0","2","1","12","1","0.667","144","35","28","0","15","0","42","9","5","105","35.000","1.23"
"2025","60768","KBO-60768","한화 이글스","이태양","P","한화","1","https://www.koreabaseball.com/Futures/Player/PitcherTotal.aspx?playerId=60768","1.77","27","0","0","8","0","0","3","1.000","157","40 2/3","32","2","4","2","26","8","8","122","40.667","0.89"
"2025","60841","KBO-60841","SSG 랜더스","박종훈","P","SSG","1","https://www.koreabaseball.com/Futures/Player/PitcherTotal.aspx?playerId=60841","8.79","14","0","0","4","3","0","0","0.571","217","43","46","3","47","8","26","44","42","129","43.000","2.16"
"2025","61101","KBO-61101","LG 트윈스","임찬규","P","LG","1","https://www.koreabaseball.com/Futures/Player/PitcherTotal.aspx?playerId=61101","0.00","1","0","0","1","0","0","0","1.000","23","6","3","0","2","0","1","0","0","18","6.000","0.83"
"2025","61145","KBO-61145","LG 트윈스","이우찬","P","LG","1","https://www.koreabaseball.com/Futures/Player/PitcherTotal.aspx?playerId=61145","7.40","22","0","0","0","1","0","4","0.000","96","20 2/3","25","2","11","0","21","20","17","62","20.667","1.74"
"2025","61268","KBO-61268","삼성 라이온즈","양현","P","삼성","1","https://www.koreabaseball.com/Futures/Player/PitcherTotal.aspx?playerId=61268","4.67","21","0","0","1","3","0","3","0.250","120","27","31","1","4","1","17","17","14","81","27.000","1.30"
"2025","61365","KBO-61365","삼성 라이온즈","김대우","P","삼성","1","https://www.koreabaseball.com/Futures/Player/PitcherTotal.aspx?playerId=61365","2.91","16","0","0","1","2","0","2","0.333","97","21 2/3","25","2","7","1","15","10","7","65","21.667","1.48"
"2025","61411","KBO-61411","LG 트윈스","심창민","P","LG","1","https://www.koreabaseball.com/Futures/Player/PitcherTotal.aspx?playerId=61411","10.57","8","0","0","1","0","0","1","1.000","44","7 2/3","8","0","12","2","15","9","9","23","7.667","2.61"
"2025","61643","KBO-61643","두산 베어스","홍건희","P","두산","1","https://www.koreabaseball.com/Futures/Player/PitcherTotal.aspx?playerId=61643","0.00","9","0","0","0","0","0","2","-","32","9","6","0","0","0","6","0","0","27","9.000","0.67"
"2025","61666","KBO-61666","한화 이글스","한승혁","P","","0","https://www.koreabaseball.com/Futures/Player/PitcherTotal.aspx?playerId=61666","","","","","","","","","","","","","","","","","","","","",""
"2025","61895","KBO-61895","SSG 랜더스","서진용","P","SSG","1","https://www.koreabaseball.com/Futures/Player/PitcherTotal.aspx?playerId=61895","3.79","18","0","0","2","2","1","3","0.500","84","19","25","0","10","0","16","12","8","57","19.000","1.84"
"2025","62146","KBO-62146","삼성 라이온즈","최성훈","P","삼성","1","https://www.koreabaseball.com/Futures/Player/PitcherTotal.aspx?playerId=62146","2.84","37","0","0","1","0","1","6","1.000","149","38","26","2","11","2","33","14","12","114","38.000","0.97"
"2025","62360","KBO-62360","삼성 라이온즈","김태훈","P","","0","https://www.koreabaseball.com/Futures/Player/PitcherTotal.aspx?playerId=62360","","","","","","","","","","","","","","","","","","","","",""
"2025","62363","KBO-62363","롯데 자이언츠","한현희","P","롯데","1","https://www.koreabaseball.com/Futures/Player/PitcherTotal.aspx?playerId=62363","4.84","28","0","0","2","7","1","6","0.222","307","67","88","8","22","3","49","47","36","201","67.000","1.64"
"2025","62528","KBO-62528","롯데 자이언츠","김원중","P","","0","https://www.koreabaseball.com/Futures/Player/PitcherTotal.aspx?playerId=62528","","","","","","","","","","","","","","","","","","","","",""
"2025","62754","KBO-62754","KIA 타이거즈","임기영","P","KIA","1","https://www.koreabaseball.com/Futures/Player/PitcherTotal.aspx?playerId=62754","4.26","40","0","0","4","1","4","2","0.800","264","63 1/3","67","8","11","2","55","30","30","190","63.333","1.23"
"2025","62869","KBO-62869","SSG 랜더스","문승원","P","SSG","1","https://www.koreabaseball.com/Futures/Player/PitcherTotal.aspx?playerId=62869","19.29","2","0","0","0","1","0","0","0.000","28","4 2/3","12","2","3","0","4","10","10","14","4.667","3.21"
"2025","62951","KBO-62951","KIA 타이거즈","이형범","P","KIA","1","https://www.koreabaseball.com/Futures/Player/PitcherTotal.aspx?playerId=62951","4.07","17","0","0","0","0","2","2","-","118","24 1/3","32","2","8","2","22","14","11","73","24.333","1.64"
"2025","63145","KBO-63145","LG 트윈스","배재준","P","LG","1","https://www.koreabaseball.com/Futures/Player/PitcherTotal.aspx?playerId=63145","2.12","14","0","0","2","1","1","3","0.667","73","17","13","0","9","0","16","8","4","51","17.000","1.29"
"2025","63248","KBO-63248","LG 트윈스","함덕주","P","LG","1","https://www.koreabaseball.com/Futures/Player/PitcherTotal.aspx?playerId=63248","3.00","3","0","0","1","1","0","0","0.500","13","3","2","0","2","0","0","1","1","9","3.000","1.33"
"2025","63342","KBO-63342","KIA 타이거즈","조상우","P","KIA","1","https://www.koreabaseball.com/Futures/Player/PitcherTotal.aspx?playerId=63342","0.00","1","0","0","0","0","0","0","-","4","1","1","0","0","0","0","0","0","3","1.000","1.00"
"2025","63464","KBO-63464","한화 이글스","윤대경","P","한화","1","https://www.koreabaseball.com/Futures/Player/PitcherTotal.aspx?playerId=63464","2.35","16","0","0","2","0","0","1","1.000","66","15 1/3","12","0","8","1","7","5","4","46","15.333","1.30"
"2025","63492","KBO-63492","삼성 라이온즈","이재익","P","삼성","1","https://www.koreabaseball.com/Futures/Player/PitcherTotal.aspx?playerId=63492","5.09","35","0","0","1","2","4","5","0.333","158","35 1/3","47","6","10","0","24","20","20","106","35.333","1.61"
"2025","63512","KBO-63512","롯데 자이언츠","박진형","P","롯데","1","https://www.koreabaseball.com/Futures/Player/PitcherTotal.aspx?playerId=63512","4.66","26","0","0","2","3","0","3","0.400","123","29","27","4","8","1","38","19","15","87","29.000","1.21"
"2025","63543","KBO-63543","롯데 자이언츠","구승민","P","롯데","1","https://www.koreabaseball.com/Futures/Player/PitcherTotal.aspx?playerId=63543","2.10","29","0","0","1","0","7","4","1.000","123","30","29","2","4","1","30","13","7","90","30.000","1.10"
"2025","63638","KBO-63638","KIA 타이거즈","박준표","P","KIA","1","https://www.koreabaseball.com/Futures/Player/PitcherTotal.aspx?playerId=63638","6.27","18","0","0","0","0","1","2","-","99","18 2/3","34","4","7","2","10","21","13","56","18.667","2.20"
"2025","63765","KBO-63765","한화 이글스","김종수","P","한화","1","https://www.koreabaseball.com/Futures/Player/PitcherTotal.aspx?playerId=63765","4.50","2","0","0","0","0","0","0","-","9","2","1","0","2","0","4","1","1","6","2.000","1.50"
"2025","63894","KBO-63894","KIA 타이거즈","김사윤","P","","0","https://www.koreabaseball.com/Futures/Player/PitcherTotal.aspx?playerId=63894","","","","","","","","","","","","","","","","","","","","",""
"2025","63950","KBO-63950","LG 트윈스","장현식","P","LG","1","https://www.koreabaseball.com/Futures/Player/PitcherTotal.aspx?playerId=63950","3.60","9","0","0","0","0","0","2","-","40","10","7","2","3","0","6","4","4","30","10.000","1.00"
"2025","63959","KBO-63959","NC 다이노스","임정호","P","NC","1","https://www.koreabaseball.com/Futures/Player/PitcherTotal.aspx?playerId=63959","8.15","19","0","0","1","2","2","3","0.333","88","17 2/3","28","3","4","2","15","19","16","53","17.667","1.81"
"2025","63960","KBO-63960","삼성 라이온즈","이상민","P","삼성","1","https://www.koreabaseball.com/Futures/Player/PitcherTotal.aspx?playerId=63960","7.45","36","0","0","1","2","1","7","0.333","183","38 2/3","58","7","12","3","26","35","32","116","38.667","1.81"
"2025","64001","KBO-64001","KT 위즈","고영표","P","KT","1","https://www.koreabaseball.com/Futures/Player/PitcherTotal.aspx?playerId=64001","5.40","1","0","0","1","0","0","0","1.000","21","5","5","1","0","0","5","3","3","15","5.000","1.00"
"2025","64017","KBO-64017","롯데 자이언츠","심재민","P","롯데","1","https://www.koreabaseball.com/Futures/Player/PitcherTotal.aspx?playerId=64017","7.71","11","0","0","3","3","0","0","0.500","184","37 1/3","52","6","23","2","36","32","32","112","37.333","2.01"
"2025","64021","KBO-64021","롯데 자이언츠","박세웅","P","","0","https://www.koreabaseball.com/Futures/Player/PitcherTotal.aspx?playerId=64021","","","","","","","","","","","","","","","","","","","","",""
"2025","64350","KBO-64350","키움 히어로즈","하영민","P","","0","https://www.koreabaseball.com/Futures/Player/PitcherTotal.aspx?playerId=64350","","","","","","","","","","","","","","","","","","","","",""
"2025","64580","KBO-64580","NC 다이노스","김재열","P","NC","1","https://www.koreabaseball.com/Futures/Player/PitcherTotal.aspx?playerId=64580","11.42","19","0","0","0","1","2","3","0.000","88","17 1/3","29","4","10","0","15","27","22","52","17.333","2.25"
"2025","64596","KBO-64596","LG 트윈스","김유영","P","LG","1","https://www.koreabaseball.com/Futures/Player/PitcherTotal.aspx?playerId=64596","5.24","26","0","0","1","2","0","3","0.333","111","22 1/3","27","0","15","3","17","14","13","67","22.333","1.88"
"2025","64768","KBO-64768","KT 위즈","조이현","P","KT","1","https://www.koreabaseball.com/Futures/Player/PitcherTotal.aspx?playerId=64768","3.60","18","0","0","10","3","0","0","0.769","326","80","84","9","8","1","40","38","32","240","80.000","1.15"
"2025","64805","KBO-64805","두산 베어스","이승진","P","두산","1","https://www.koreabaseball.com/Futures/Player/PitcherTotal.aspx?playerId=64805","7.04","13","0","0","2","1","0","2","0.667","82","15 1/3","28","1","10","0","10","20","12","46","15.333","2.48"
"2025","64861","KBO-64861","SSG 랜더스","이건욱","P","SSG","1","https://www.koreabaseball.com/Futures/Player/PitcherTotal.aspx?playerId=64861","8.05","40","0","0","2","2","0","4","0.500","257","50 1/3","67","8","38","4","40","48","45","151","50.333","2.09"
"2025","64995","KBO-64995","NC 다이노스","배재환","P","NC","1","https://www.koreabaseball.com/Futures/Player/PitcherTotal.aspx?playerId=64995","5.73","11","0","0","1","0","0","3","1.000","50","11","15","2","5","0","10","7","7","33","11.000","1.82"
"2025","65048","KBO-65048","KT 위즈","김민수","P","KT","1","https://www.koreabaseball.com/Futures/Player/PitcherTotal.aspx?playerId=65048","0.00","5","0","0","1","0","0","2","1.000","20","5 2/3","2","0","0","1","5","0","0","17","5.667","0.35"
"2025","65056","KBO-65056","한화 이글스","엄상백","P","한화","1","https://www.koreabaseball.com/Futures/Player/PitcherTotal.aspx?playerId=65056","5.59","5","0","0","1","0","0","0","1.000","48","9 2/3","16","2","3","0","8","8","6","29","9.667","1.97"
"2025","65060","KBO-65060","KT 위즈","주권","P","KT","1","https://www.koreabaseball.com/Futures/Player/PitcherTotal.aspx?playerId=65060","0.00","1","0","0","0","0","0","0","-","5","1","2","0","0","0","1","0","0","3","1.000","2.00"
"2025","65062","KBO-65062","삼성 라이온즈","김재윤","P","삼성","1","https://www.koreabaseball.com/Futures/Player/PitcherTotal.aspx?playerId=65062","0.00","1","0","0","0","0","0","0","-","3","1","0","0","0","0","0","0","0","3","1.000","0.00"
"2025","65109","KBO-65109","LG 트윈스","백승현","P","LG","1","https://www.koreabaseball.com/Futures/Player/PitcherTotal.aspx?playerId=65109","1.23","8","0","0","1","0","1","1","1.000","27","7 1/3","7","0","1","0","9","2","1","22","7.333","1.09"
"2025","65117","KBO-65117","한화 이글스","이상규","P","한화","1","https://www.koreabaseball.com/Futures/Player/PitcherTotal.aspx?playerId=65117","3.25","26","0","0","4","3","1","2","0.571","308","72","72","5","16","5","51","33","26","216","72.000","1.22"
"2025","65320","KBO-65320","삼성 라이온즈","최원태","P","삼성","1","https://www.koreabaseball.com/Futures/Player/PitcherTotal.aspx?playerId=65320","30.38","1","0","0","0","1","0","0","0.000","21","2 2/3","9","1","4","1","3","9","9","8","2.667","4.88"
"2025","65343","KBO-65343","SSG 랜더스","김택형","P","SSG","1","https://www.koreabaseball.com/Futures/Player/PitcherTotal.aspx?playerId=65343","3.20","12","0","0","2","0","1","4","1.000","75","19 2/3","14","2","3","0","16","8","7","59","19.667","0.86"
"2025","65411","KBO-65411","LG 트윈스","김주온","P","LG","1","https://www.koreabaseball.com/Futures/Player/PitcherTotal.aspx?playerId=65411","3.69","32","0","0","5","2","9","0","0.714","334","75 2/3","65","4","40","4","69","37","31","227","75.667","1.39"
"2025","65516","KBO-65516","KT 위즈","배제성","P","KT","1","https://www.koreabaseball.com/Futures/Player/PitcherTotal.aspx?playerId=65516","6.14","8","0","0","1","0","0","0","1.000","70","14 2/3","14","3","14","0","15","10","10","44","14.667","1.91"
"2025","65522","KBO-65522","롯데 자이언츠","김강현","P","","0","https://www.koreabaseball.com/Futures/Player/PitcherTotal.aspx?playerId=65522","","","","","","","","","","","","","","","","","","","","",""
"2025","65616","KBO-65616","한화 이글스","이민우","P","한화","1","https://www.koreabaseball.com/Futures/Player/PitcherTotal.aspx?playerId=65616","3.00","34","0","0","3","2","3","6","0.600","157","36","38","4","18","0","31","16","12","108","36.000","1.56"
"2025","65639","KBO-65639","두산 베어스","박정수","P","두산","1","https://www.koreabaseball.com/Futures/Player/PitcherTotal.aspx?playerId=65639","2.18","18","0","0","0","1","1","0","0.000","85","20 2/3","14","1","8","1","16","7","5","62","20.667","1.06"
"2025","65665","KBO-65665","KIA 타이거즈","이준영","P","KIA","1","https://www.koreabaseball.com/Futures/Player/PitcherTotal.aspx?playerId=65665","2.45","4","0","0","0","0","0","0","-","16","3 2/3","4","0","2","0","5","1","1","11","3.667","1.64"
"2025","65707","KBO-65707","한화 이글스","주현상","P","한화","1","https://www.koreabaseball.com/Futures/Player/PitcherTotal.aspx?playerId=65707","4.20","16","0","0","0","1","0","3","0.000","77","15","25","2","7","0","16","10","7","45","15.000","2.13"
"2025","65764","KBO-65764","한화 이글스","김민우","P","","0","https://www.koreabaseball.com/Futures/Player/PitcherTotal.aspx?playerId=65764","","","","","","","","","","","","","","","","","","","","",""
"2025","65769","KBO-65769","한화 이글스","김범수","P","한화","1","https://www.koreabaseball.com/Futures/Player/PitcherTotal.aspx?playerId=65769","0.00","2","0","0","0","0","0","1","-","11","3","1","0","1","0","1","0","0","9","3.000","0.67"
"2025","65933","KBO-65933","NC 다이노스","구창모","P","NC","1","https://www.koreabaseball.com/Futures/Player/PitcherTotal.aspx?playerId=65933","2.00","6","0","0","1","0","0","1","1.000","70","18","16","1","2","2","19","4","4","54","18.000","1.00"
"2025","65949","KBO-65949","NC 다이노스","류진욱","P","","0","https://www.koreabaseball.com/Futures/Player/PitcherTotal.aspx?playerId=65949","","","","","","","","","","","","","","","","","","","","",""
"2025","66018","KBO-66018","키움 히어로즈","김선기","P","","0","https://www.koreabaseball.com/Futures/Player/PitcherTotal.aspx?playerId=66018","","","","","","","","","","","","","","","","","","","","",""
"2025","66047","KBO-66047","롯데 자이언츠","박세진","P","롯데","1","https://www.koreabaseball.com/Futures/Player/PitcherTotal.aspx?playerId=66047","5.29","44","0","0","4","1","2","7","0.800","223","47 2/3","51","3","28","5","46","31","28","143","47.667","1.66"
"2025","66068","KBO-66068","NC 다이노스","서의태","P","NC","1","https://www.koreabaseball.com/Futures/Player/PitcherTotal.aspx?playerId=66068","5.23","13","0","0","0","1","0","2","0.000","51","10 1/3","9","1","12","1","5","8","6","31","10.333","2.03"
"2025","66145","KBO-66145","LG 트윈스","김대현","P","LG","1","https://www.koreabaseball.com/Futures/Player/PitcherTotal.aspx?playerId=66145","5.06","29","0","0","3","1","0","3","0.750","123","26 2/3","26","4","21","1","15","19","15","80","26.667","1.76"
"2025","66291","KBO-66291","두산 베어스","이영하","P","두산","1","https://www.koreabaseball.com/Futures/Player/PitcherTotal.aspx?playerId=66291","0.00","1","0","0","0","0","0","0","-","6","1","1","0","2","0","2","0","0","3","1.000","3.00"
"2025","66451","KBO-66451","삼성 라이온즈","최충연","P","삼성","1","https://www.koreabaseball.com/Futures/Player/PitcherTotal.aspx?playerId=66451","5.40","21","0","0","2","0","1","4","1.000","99","21 2/3","18","0","20","1","13","13","13","65","21.667","1.75"
"2025","66492","KBO-66492","KIA 타이거즈","김승현","P","KIA","1","https://www.koreabaseball.com/Futures/Player/PitcherTotal.aspx?playerId=66492","11.49","11","0","0","0","1","0","1","0.000","88","15 2/3","23","0","19","2","10","20","20","47","15.667","2.68"
"2025","66609","KBO-66609","KIA 타이거즈","전상현","P","","0","https://www.koreabaseball.com/Futures/Player/PitcherTotal.aspx?playerId=66609","","","","","","","","","","","","","","","","","","","","",""
"2025","66858","KBO-66858","SSG 랜더스","정동윤","P","SSG","1","https://www.koreabaseball.com/Futures/Player/PitcherTotal.aspx?playerId=66858","4.89","16","0","0","4","4","1","0","0.500","235","53 1/3","59","4","21","2","51","33","29","160","53.333","1.50"
"2025","66920","KBO-66920","NC 다이노스","최성영","P","NC","1","https://www.koreabaseball.com/Futures/Player/PitcherTotal.aspx?playerId=66920","2.04","8","0","0","1","1","0","1","0.500","68","17 2/3","11","0","5","0","15","5","4","53","17.667","0.91"
"2025","67048","KBO-67048","KT 위즈","이정현","P","KT","1","https://www.koreabaseball.com/Futures/Player/PitcherTotal.aspx?playerId=67048","2.22","26","0","0","1","0","7","1","1.000","117","28 1/3","19","2","12","1","21","7","7","85","28.333","1.09"
"2025","67116","KBO-67116","키움 히어로즈","오석주","P","고양","1","https://www.koreabaseball.com/Futures/Player/PitcherTotal.aspx?playerId=67116","6.75","4","0","0","0","0","0","1","-","20","4","5","1","1","0","3","4","3","12","4.000","1.50"
"2025","67143","KBO-67143","LG 트윈스","손주영","P","","0","https://www.koreabaseball.com/Futures/Player/PitcherTotal.aspx?playerId=67143","","","","","","","","","","","","","","","","","","","","",""
"2025","67246","KBO-67246","두산 베어스","김명신","P","두산","1","https://www.koreabaseball.com/Futures/Player/PitcherTotal.aspx?playerId=67246","4.76","31","0","0","5","3","2","2","0.625","180","39 2/3","53","3","11","2","36","30","21","119","39.667","1.61"
"2025","67263","KBO-67263","두산 베어스","최원준","P","두산","1","https://www.koreabaseball.com/Futures/Player/PitcherTotal.aspx?playerId=67263","0.00","1","0","0","0","0","0","0","-","3","1","0","0","0","0","1","0","0","3","1.000","0.00"
"2025","67266","KBO-67266","두산 베어스","박치국","P","","0","https://www.koreabaseball.com/Futures/Player/PitcherTotal.aspx?playerId=67266","","","","","","","","","","","","","","","","","","","","",""
"2025","67365","KBO-67365","키움 히어로즈","양지율","P","고양","1","https://www.koreabaseball.com/Futures/Player/PitcherTotal.aspx?playerId=67365","5.40","10","0","0","1","1","0","0","0.500","51","10","13","1","6","2","6","9","6","30","10.000","1.90"
"2025","67419","KBO-67419","KT 위즈","문용익","P","KT","1","https://www.koreabaseball.com/Futures/Player/PitcherTotal.aspx?playerId=67419","2.78","19","0","0","4","2","4","2","0.667","181","45 1/3","36","5","14","1","45","15","14","136","45.333","1.10"
"2025","67421","KBO-67421","삼성 라이온즈","최지광","P","","0","https://www.koreabaseball.com/Futures/Player/PitcherTotal.aspx?playerId=67421","","","","","","","","","","","","","","","","","","","","",""
"2025","67539","KBO-67539","롯데 자이언츠","나균안","P","","0","https://www.koreabaseball.com/Futures/Player/PitcherTotal.aspx?playerId=67539","","","","","","","","","","","","","","","","","","","","",""
"2025","67588","KBO-67588","롯데 자이언츠","윤성빈","P","롯데","1","https://www.koreabaseball.com/Futures/Player/PitcherTotal.aspx?playerId=67588","2.35","15","0","0","2","1","1","1","0.667","157","38 1/3","18","1","25","0","70","13","10","115","38.333","1.12"
"2025","67640","KBO-67640","KIA 타이거즈","유승철","P","KIA","1","https://www.koreabaseball.com/Futures/Player/PitcherTotal.aspx?playerId=67640","9.45","7","0","0","0","0","0","0","-","32","6 2/3","8","1","6","0","5","7","7","20","6.667","2.10"
"2025","67703","KBO-67703","한화 이글스","박상원","P","","0","https://www.koreabaseball.com/Futures/Player/PitcherTotal.aspx?playerId=67703","","","","","","","","","","","","","","","","","","","","",""
"2025","67828","KBO-67828","키움 히어로즈","김성민","P","고양","1","https://www.koreabaseball.com/Futures/Player/PitcherTotal.aspx?playerId=67828","4.12","20","0","0","1","1","0","5","0.500","87","19 2/3","22","3","7","2","16","12","9","59","19.667","1.47"
"2025","67954","KBO-67954","NC 다이노스","김진호","P","NC","1","https://www.koreabaseball.com/Futures/Player/PitcherTotal.aspx?playerId=67954","0.00","2","0","0","0","0","0","0","-","9","2","2","0","1","0","4","0","0","6","2.000","1.50"
"2025","67956","KBO-67956","NC 다이노스","김태현","P","NC","1","https://www.koreabaseball.com/Futures/Player/PitcherTotal.aspx?playerId=67956","3.73","35","0","0","1","0","3","4","1.000","139","31 1/3","28","4","18","1","32","14","13","94","31.333","1.47"
"2025","67962","KBO-67962","NC 다이노스","소이현","P","NC","1","https://www.koreabaseball.com/Futures/Player/PitcherTotal.aspx?playerId=67962","0.82","12","0","0","0","0","0","4","-","44","11","7","0","6","0","5","1","1","33","11.000","1.18"
"2025","68043","KBO-68043","SSG 랜더스","김민","P","","0","https://www.koreabaseball.com/Futures/Player/PitcherTotal.aspx?playerId=68043","","","","","","","","","","","","","","","","","","","","",""
"2025","68067","KBO-68067","롯데 자이언츠","신병률","P","롯데","1","https://www.koreabaseball.com/Futures/Player/PitcherTotal.aspx?playerId=68067","8.31","18","0","0","0","0","1","2","-","135","26","41","3","10","7","15","28","24","78","26.000","1.96"
"2025","68092","KBO-68092","SSG 랜더스","한두솔","P","SSG","1","https://www.koreabaseball.com/Futures/Player/PitcherTotal.aspx?playerId=68092","4.73","10","0","0","0","0","0","2","-","64","13 1/3","21","1","5","0","11","7","7","40","13.333","1.95"
"2025","68097","KBO-68097","NC 다이노스","박주현","P","NC","1","https://www.koreabaseball.com/Futures/Player/PitcherTotal.aspx?playerId=68097","2.25","6","0","0","0","1","0","0","0.000","18","4","3","0","2","0","3","2","1","12","4.000","1.25"
"2025","68130","KBO-68130","LG 트윈스","김영준","P","LG","1","https://www.koreabaseball.com/Futures/Player/PitcherTotal.aspx?playerId=68130","6.48","27","0","0","1","0","0","5","1.000","118","25","29","2","20","0","19","21","18","75","25.000","1.96"
"2025","68159","KBO-68159","LG 트윈스","성동현","P","LG","1","https://www.koreabaseball.com/Futures/Player/PitcherTotal.aspx?playerId=68159","5.33","18","0","0","3","3","2","1","0.500","115","25 1/3","19","1","17","4","15","15","15","76","25.333","1.42"
"2025","68200","KBO-68200","두산 베어스","김민규","P","두산","1","https://www.koreabaseball.com/Futures/Player/PitcherTotal.aspx?playerId=68200","5.62","16","0","0","3","3","0","1","0.500","232","49 2/3","59","4","18","4","24","38","31","149","49.667","1.55"
"2025","68220","KBO-68220","두산 베어스","곽빈","P","두산","1","https://www.koreabaseball.com/Futures/Player/PitcherTotal.aspx?playerId=68220","0.00","2","0","0","0","0","0","0","-","24","6 1/3","1","0","4","0","8","0","0","19","6.333","0.79"
"2025","68242","KBO-68242","롯데 자이언츠","정철원","P","","0","https://www.koreabaseball.com/Futures/Player/PitcherTotal.aspx?playerId=68242","","","","","","","","","","","","","","","","","","","","",""
"2025","68249","KBO-68249","두산 베어스","박신지","P","두산","1","https://www.koreabaseball.com/Futures/Player/PitcherTotal.aspx?playerId=68249","0.82","4","0","0","0","0","1","1","-","38","11","4","0","3","0","8","1","1","33","11.000","0.64"
"2025","68260","KBO-68260","롯데 자이언츠","현도훈","P","롯데","1","https://www.koreabaseball.com/Futures/Player/PitcherTotal.aspx?playerId=68260","9.36","27","0","0","1","1","1","3","0.500","215","41 1/3","61","7","24","5","36","46","43","124","41.333","2.06"
"2025","68269","KBO-68269","두산 베어스","김호준","P","두산","1","https://www.koreabaseball.com/Futures/Player/PitcherTotal.aspx?playerId=68269","9.76","28","0","0","0","6","1","5","0.000","147","27 2/3","32","3","30","1","19","36","30","83","27.667","2.24"
"2025","68341","KBO-68341","키움 히어로즈","안우진","P","","0","https://www.koreabaseball.com/Futures/Player/PitcherTotal.aspx?playerId=68341","","","","","","","","","","","","","","","","","","","","",""
"2025","68403","KBO-68403","삼성 라이온즈","김무신","P","","0","https://www.koreabaseball.com/Futures/Player/PitcherTotal.aspx?playerId=68403","","","","","","","","","","","","","","","","","","","","",""
"2025","68415","KBO-68415","삼성 라이온즈","양창섭","P","삼성","1","https://www.koreabaseball.com/Futures/Player/PitcherTotal.aspx?playerId=68415","1.33","9","0","0","0","0","1","0","-","90","20 1/3","23","1","7","0","21","7","3","61","20.333","1.48"
"2025","68419","KBO-68419","LG 트윈스","최채흥","P","LG","1","https://www.koreabaseball.com/Futures/Player/PitcherTotal.aspx?playerId=68419","5.05","9","0","0","4","1","0","0","0.800","181","41","46","7","13","3","27","24","23","123","41.000","1.44"
"2025","68501","KBO-68501","삼성 라이온즈","최하늘","P","삼성","1","https://www.koreabaseball.com/Futures/Player/PitcherTotal.aspx?playerId=68501","7.59","18","0","0","0","3","1","3","0.000","108","21 1/3","25","2","16","3","18","19","18","64","21.333","1.92"
"2025","68556","KBO-68556","롯데 자이언츠","정성종","P","롯데","1","https://www.koreabaseball.com/Futures/Player/PitcherTotal.aspx?playerId=68556","7.11","7","0","0","2","3","0","0","0.400","128","25 1/3","35","0","14","5","12","21","20","76","25.333","1.93"
"2025","68585","KBO-68585","롯데 자이언츠","김도규","P","롯데","1","https://www.koreabaseball.com/Futures/Player/PitcherTotal.aspx?playerId=68585","18.90","3","0","0","0","1","0","0","0.000","24","3 1/3","9","0","5","2","0","9","7","10","3.333","4.20"
"2025","68619","KBO-68619","KIA 타이거즈","윤중현","P","KIA","1","https://www.koreabaseball.com/Futures/Player/PitcherTotal.aspx?playerId=68619","6.63","28","0","0","6","5","1","1","0.545","177","38","57","1","8","4","31","32","28","114","38.000","1.71"
"2025","68639","KBO-68639","NC 다이노스","하준영","P","","0","https://www.koreabaseball.com/Futures/Player/PitcherTotal.aspx?playerId=68639","","","","","","","","","","","","","","","","","","","","",""
"2025","68830","KBO-68830","두산 베어스","김정우","P","두산","1","https://www.koreabaseball.com/Futures/Player/PitcherTotal.aspx?playerId=68830","3.99","25","0","0","2","2","3","2","0.500","138","29 1/3","30","2","21","1","31","19","13","88","29.333","1.74"
"2025","68856","KBO-68856","SSG 랜더스","최민준","P","SSG","1","https://www.koreabaseball.com/Futures/Player/PitcherTotal.aspx?playerId=68856","1.93","2","0","0","0","0","0","0","-","21","4 2/3","5","0","3","0","4","1","1","14","4.667","1.71"
"2025","68896","KBO-68896","KT 위즈","이채호","P","KT","1","https://www.koreabaseball.com/Futures/Player/PitcherTotal.aspx?playerId=68896","3.57","30","0","0","6","0","1","4","1.000","254","58","55","4","28","2","45","28","23","174","58.000","1.43"
"2025","68900","KBO-68900","NC 다이노스","김영규","P","NC","1","https://www.koreabaseball.com/Futures/Player/PitcherTotal.aspx?playerId=68900","0.00","2","0","0","0","0","0","0","-","6","2","0","0","0","0","1","0","0","6","2.000","0.00"
"2025","68902","KBO-68902","NC 다이노스","신민혁","P","NC","1","https://www.koreabaseball.com/Futures/Player/PitcherTotal.aspx?playerId=68902","2.25","1","0","0","0","0","0","0","-","16","4","2","1","1","1","3","1","1","12","4.000","0.75"
"2025","68928","KBO-68928","KIA 타이거즈","김시훈","P","KIA","1","https://www.koreabaseball.com/Futures/Player/PitcherTotal.aspx?playerId=68928","4.87","19","0","0","2","2","2","1","0.500","88","20 1/3","21","0","6","2","22","13","11","61","20.333","1.33"
"2025","69041","KBO-69041","KT 위즈","손동현","P","KT","1","https://www.koreabaseball.com/Futures/Player/PitcherTotal.aspx?playerId=69041","0.00","1","0","0","1","0","0","0","1.000","7","2","3","0","0","0","0","0","0","6","2.000","1.50"
"2025","69045","KBO-69045","키움 히어로즈","알칸타라","P","","0","https://www.koreabaseball.com/Futures/Player/PitcherTotal.aspx?playerId=69045","","","","","","","","","","","","","","","","","","","","",""
"2025","69047","KBO-69047","KT 위즈","전용주","P","KT","1","https://www.koreabaseball.com/Futures/Player/PitcherTotal.aspx?playerId=69047","5.14","24","0","0","0","2","1","4","0.000","103","21","23","0","16","1","26","14","12","63","21.000","1.86"
"2025","69054","KBO-69054","KT 위즈","이상동","P","KT","1","https://www.koreabaseball.com/Futures/Player/PitcherTotal.aspx?playerId=69054","6.41","21","0","0","4","1","3","4","0.800","118","26 2/3","29","4","9","0","32","21","19","80","26.667","1.43"
"2025","69068","KBO-69068","KT 위즈","이선우","P","","0","https://www.koreabaseball.com/Futures/Player/PitcherTotal.aspx?playerId=69068","","","","","","","","","","","","","","","","","","","","",""
"2025","69108","KBO-69108","LG 트윈스","이지강","P","LG","1","https://www.koreabaseball.com/Futures/Player/PitcherTotal.aspx?playerId=69108","0.70","10","0","0","2","0","0","2","1.000","102","25 2/3","21","0","9","0","19","2","2","77","25.667","1.17"
"2025","69113","KBO-69113","KT 위즈","임준형","P","KT","1","https://www.koreabaseball.com/Futures/Player/PitcherTotal.aspx?playerId=69113","6.43","31","0","0","1","4","0","6","0.200","171","35","46","2","23","3","24","30","25","105","35.000","1.97"
"2025","69134","KBO-69134","LG 트윈스","이정용","P","LG","1","https://www.koreabaseball.com/Futures/Player/PitcherTotal.aspx?playerId=69134","3.60","11","0","0","3","2","0","1","0.600","162","40","35","3","9","0","29","18","16","120","40.000","1.10"
"2025","69159","KBO-69159","LG 트윈스","정우영","P","LG","1","https://www.koreabaseball.com/Futures/Player/PitcherTotal.aspx?playerId=69159","9.82","16","0","0","0","1","0","4","0.000","76","14 2/3","20","1","12","2","15","22","16","44","14.667","2.18"
"2025","69204","KBO-69204","NC 다이노스","전루건","P","NC","1","https://www.koreabaseball.com/Futures/Player/PitcherTotal.aspx?playerId=69204","6.37","25","0","0","5","2","0","3","0.714","145","29 2/3","22","2","34","5","19","24","21","89","29.667","1.89"
"2025","69205","KBO-69205","두산 베어스","이교훈","P","두산","1","https://www.koreabaseball.com/Futures/Player/PitcherTotal.aspx?playerId=69205","8.87","36","0","0","4","5","0","6","0.444","238","45 2/3","71","6","31","3","35","52","45","137","45.667","2.23"
"2025","69213","KBO-69213","한화 이글스","윤산흠","P","한화","1","https://www.koreabaseball.com/Futures/Player/PitcherTotal.aspx?playerId=69213","3.47","24","0","0","3","0","1","2","1.000","110","23 1/3","29","0","10","0","33","10","9","70","23.333","1.67"
"2025","69328","KBO-69328","키움 히어로즈","박주성","P","고양","1","https://www.koreabaseball.com/Futures/Player/PitcherTotal.aspx?playerId=69328","5.49","12","0","0","2","1","0","2","0.667","175","41","46","4","7","2","26","25","25","123","41.000","1.29"
"2025","69360","KBO-69360","키움 히어로즈","조영건","P","고양","1","https://www.koreabaseball.com/Futures/Player/PitcherTotal.aspx?playerId=69360","10.80","2","0","0","0","0","0","0","-","10","1 2/3","5","0","1","0","0","2","2","5","1.667","3.60"
"2025","69367","KBO-69367","키움 히어로즈","김인범","P","","0","https://www.koreabaseball.com/Futures/Player/PitcherTotal.aspx?playerId=69367","","","","","","","","","","","","","","","","","","","","",""
"2025","69446","KBO-69446","삼성 라이온즈","원태인","P","삼성","1","https://www.koreabaseball.com/Futures/Player/PitcherTotal.aspx?playerId=69446","3.00","1","0","0","0","0","0","0","-","12","3","2","1","1","0","5","1","1","9","3.000","1.00"
"2025","69516","KBO-69516","KIA 타이거즈","김현수","P","KIA","1","https://www.koreabaseball.com/Futures/Player/PitcherTotal.aspx?playerId=69516","6.46","27","0","0","0","4","0","4","0.000","140","30 2/3","34","4","19","1","21","23","22","92","30.667","1.73"
"2025","69594","KBO-69594","롯데 자이언츠","박진","P","롯데","1","https://www.koreabaseball.com/Futures/Player/PitcherTotal.aspx?playerId=69594","10.00","9","0","0","1","1","0","1","0.500","48","9","13","2","7","2","9","10","10","27","9.000","2.22"
"2025","69620","KBO-69620","KIA 타이거즈","김기훈","P","KIA","1","https://www.koreabaseball.com/Futures/Player/PitcherTotal.aspx?playerId=69620","7.89","22","0","0","0","0","0","6","-","99","21 2/3","20","2","17","1","15","20","19","65","21.667","1.71"
"2025","69623","KBO-69623","KT 위즈","이태규","P","KT","1","https://www.koreabaseball.com/Futures/Player/PitcherTotal.aspx?playerId=69623","6.64","21","0","0","1","0","0","5","1.000","99","20 1/3","24","0","17","0","10","15","15","61","20.333","2.02"
"2025","69645","KBO-69645","한화 이글스","장지수","P","한화","1","https://www.koreabaseball.com/Futures/Player/PitcherTotal.aspx?playerId=69645","6.34","29","0","0","2","2","2","3","0.500","162","32 2/3","36","2","23","6","30","29","23","98","32.667","1.81"
"2025","69745","KBO-69745","KIA 타이거즈","김도현","P","KIA","1","https://www.koreabaseball.com/Futures/Player/PitcherTotal.aspx?playerId=69745","16.20","1","0","0","0","0","0","0","-","25","5","10","3","0","0","2","9","9","15","5.000","2.00"
"2025","69839","KBO-69839","SSG 랜더스","백승건","P","","0","https://www.koreabaseball.com/Futures/Player/PitcherTotal.aspx?playerId=69839","","","","","","","","","","","","","","","","","","","","",""
"2025","69969","KBO-69969","NC 다이노스","전사민","P","NC","1","https://www.koreabaseball.com/Futures/Player/PitcherTotal.aspx?playerId=69969","0.00","1","0","0","0","0","0","0","-","3","1","0","0","0","0","0","0","0","3","1.000","0.00"
"2025","69974","KBO-69974","한화 이글스","배민서","P","한화","1","https://www.koreabaseball.com/Futures/Player/PitcherTotal.aspx?playerId=69974","1.47","16","0","0","4","1","0","2","0.800","164","43","26","2","10","4","31","7","7","129","43.000","0.84"
"2025","72523","KBO-72523","두산 베어스","고효준","P","두산","1","https://www.koreabaseball.com/Futures/Player/PitcherTotal.aspx?playerId=72523","5.11","13","0","0","1","0","0","3","1.000","58","12 1/3","15","0","6","1","21","8","7","37","12.333","1.70"
"2025","73117","KBO-73117","KT 위즈","우규민","P","","0","https://www.koreabaseball.com/Futures/Player/PitcherTotal.aspx?playerId=73117","","","","","","","","","","","","","","","","","","","","",""
"2025","73211","KBO-73211","SSG 랜더스","노경은","P","","0","https://www.koreabaseball.com/Futures/Player/PitcherTotal.aspx?playerId=73211","","","","","","","","","","","","","","","","","","","","",""
"2025","73801","KBO-73801","삼성 라이온즈","송은범","P","삼성","1","https://www.koreabaseball.com/Futures/Player/PitcherTotal.aspx?playerId=73801","3.94","25","0","0","4","1","0","2","0.800","143","32","33","1","16","1","17","18","14","96","32.000","1.53"
"2025","75421","KBO-75421","삼성 라이온즈","오승환","P","삼성","1","https://www.koreabaseball.com/Futures/Player/PitcherTotal.aspx?playerId=75421","9.82","10","0","0","0","1","0","5","0.000","50","11","17","1","1","0","6","12","12","33","11.000","1.64"
"2025","75867","KBO-75867","LG 트윈스","김진성","P","","0","https://www.koreabaseball.com/Futures/Player/PitcherTotal.aspx?playerId=75867","","","","","","","","","","","","","","","","","","","","",""
"2025","76118","KBO-76118","키움 히어로즈","원종현","P","고양","1","https://www.koreabaseball.com/Futures/Player/PitcherTotal.aspx?playerId=76118","0.00","2","0","0","0","0","1","0","-","12","3","3","0","0","0","1","0","0","9","3.000","1.00"
"2025","76225","KBO-76225","KIA 타이거즈","김건국","P","KIA","1","https://www.koreabaseball.com/Futures/Player/PitcherTotal.aspx?playerId=76225","6.99","11","0","0","3","2","0","0","0.600","126","28 1/3","34","4","14","0","20","22","22","85","28.333","1.69"
"2025","76430","KBO-76430","롯데 자이언츠","김상수","P","롯데","1","https://www.koreabaseball.com/Futures/Player/PitcherTotal.aspx?playerId=76430","2.63","12","0","0","1","0","0","2","1.000","63","13 2/3","16","0","8","0","13","7","4","41","13.667","1.76"
"2025","76650","KBO-76650","롯데 자이언츠","진해수","P","롯데","1","https://www.koreabaseball.com/Futures/Player/PitcherTotal.aspx?playerId=76650","9.00","1","0","0","0","0","0","1","-","4","1","1","0","1","0","0","1","1","3","1.000","2.00"
"2025","76715","KBO-76715","한화 이글스","류현진","P","","0","https://www.koreabaseball.com/Futures/Player/PitcherTotal.aspx?playerId=76715","","","","","","","","","","","","","","","","","","","","",""
"2025","77211","KBO-77211","NC 다이노스","이용찬","P","NC","1","https://www.koreabaseball.com/Futures/Player/PitcherTotal.aspx?playerId=77211","7.85","12","0","0","3","0","0","5","1.000","86","18 1/3","25","2","6","0","24","16","16","55","18.333","1.69"
"2025","77263","KBO-77263","LG 트윈스","김강률","P","LG","1","https://www.koreabaseball.com/Futures/Player/PitcherTotal.aspx?playerId=77263","18.00","2","0","0","0","0","0","0","-","7","1","4","1","0","0","0","2","2","3","1.000","4.00"
"2025","77318","KBO-77318","한화 이글스","장시환","P","한화","1","https://www.koreabaseball.com/Futures/Player/PitcherTotal.aspx?playerId=77318","4.15","9","0","0","1","1","0","0","0.500","40","8 2/3","6","2","7","0","13","6","4","26","8.667","1.50"
"2025","77446","KBO-77446","삼성 라이온즈","백정현","P","","0","https://www.koreabaseball.com/Futures/Player/PitcherTotal.aspx?playerId=77446","","","","","","","","","","","","","","","","","","","","",""
"2025","77637","KBO-77637","KIA 타이거즈","양현종","P","","0","https://www.koreabaseball.com/Futures/Player/PitcherTotal.aspx?playerId=77637","","","","","","","","","","","","","","","","","","","","",""
"2025","77829","KBO-77829","SSG 랜더스","김광현","P","","0","https://www.koreabaseball.com/Futures/Player/PitcherTotal.aspx?playerId=77829","","","","","","","","","","","","","","","","","","","","",""
"2025","78352","KBO-78352","삼성 라이온즈","임창민","P","삼성","1","https://www.koreabaseball.com/Futures/Player/PitcherTotal.aspx?playerId=78352","7.30","13","0","0","1","0","0","3","1.000","58","12 1/3","16","0","4","2","6","10","10","37","12.333","1.62"
"2025","79140","KBO-79140","KT 위즈","최동환","P","KT","1","https://www.koreabaseball.com/Futures/Player/PitcherTotal.aspx?playerId=79140","3.48","22","0","0","1","1","0","6","0.500","88","20 2/3","23","1","8","0","13","10","8","62","20.667","1.50"
"2025","79764","KBO-79764","한화 이글스","장민재","P","한화","1","https://www.koreabaseball.com/Futures/Player/PitcherTotal.aspx?playerId=79764","4.30","14","0","0","3","2","0","1","0.600","184","44","45","7","9","4","48","22","21","132","44.000","1.23"
